gene	rsid	assessed	other	eaf	z	n	p_eqtl	beta_eqtl	se_eqtl
NRG1	rs2466076	G	T	0.476292940732352	-103.0136	31565	3.2717e-310	-0.7101685869400859	0.00689393038336769
CD55	rs891376	T	C	0.30219098801157496	-98.3057	31684	3.2717e-310	-0.7444359730031018	0.007572663365431524
SERPINE2	rs10194024	C	A	0.445319252884362	93.2079	30935	3.2717e-310	0.6662056957276855	0.007147523930135595
IQGAP2	rs3886042	A	G	0.485512420609568	90.2757	31684	3.2717e-310	0.6399453858731082	0.007088788963952738
ANG	rs1010461	C	A	0.41888082979443	-67.496	31684	3.2717e-310	-0.5081510619879657	0.007528610021156301
CXCL16	rs1050998	G	A	0.444398511781728	-57.7218	31684	3.2717e-310	-0.43895985608096977	0.0076047499572253425
SPP1	rs2853749	T	C	0.301651327500663	-56.8334	31264	3.2717e-310	-0.4714415562536645	0.008295149617191027
CD9	rs10774398	T	C	0.368745636490575	53.028	30643	3.2717e-310	0.42490739915917136	0.008012887515259323
FAS	rs4064	C	G	0.35686244904122	-49.1932	30818	3.2717e-310	-0.39826346231874543	0.008095904765673822
IL32	rs1554999	A	C	0.34168518301953	-48.5186	19410	3.2717e-310	-0.4903356523713962	0.010106137695057076
ANGPT1	rs1353308	C	T	0.445826600022549	-47.0804	30681	3.2717e-310	-0.36926440746406375	0.007843272518161777
TIMP2	rs7222767	T	C	0.0873595290879902	-45.8719	25948	3.2717e-310	-0.6858719188119787	0.014951896887026235
CTSB	rs1296022	A	G	0.297247290714798	-43.8015	31518	3.2717e-310	-0.37059785353430774	0.008460848453461817
IGFBP2	rs17496232	C	T	0.29556697108067	41.4985	30606	3.2717e-310	0.35766738020150324	0.008618802612178832
ICAM3	rs7409490	G	A	0.164992794091155	39.3729	27065	3.2717e-310	0.44341075339092145	0.011261826113670098
ITGA2	rs3212418	C	T	0.44371993385448	-37.3811	31683	7.8956e-306	-0.2925168141234899	0.007825259666609326
PTGER2	rs1254600	A	G	0.17817279867713898	-34.7603	31470	9.6528e-265	-0.35532680989327214	0.010222202049270926
CTNNB1	rs1722846	T	C	0.44724623457023105	-33.7651	31566	6.3969e-250	-0.26552143141023915	0.007863783356490553
IGFBP3	rs1525828	A	T	0.320807066550904	33.2601	31566	1.4633999999999998e-242	0.2787408328233764	0.00838063724472796
ETS2	rs11254	T	C	0.356589875605998	32.979	31470	1.6357e-238	0.26981602976017455	0.008181449703149718
TNFRSF10C	rs6557616	G	C	0.19939656798038796	-32.3481	31590	1.4706e-229	-0.31689478709763774	0.009796395680044197
TNFRSF1A	rs1800692	A	G	0.380788461538462	31.2148	31075	6.7101999999999995e-214	0.2539068645485975	0.008134182008169122
CXCR2	rs4674259	G	A	0.481096621443872	30.8703	26395	3.0013e-209	0.26418238646344333	0.008557817269784981
RPS6KA5	rs41313505	C	T	0.0379043655778894	30.2547	30547	4.5388e-201	0.6315802744220259	0.020875443300446737
VEGFA	rs11965885	G	T	0.42265981735159797	29.5398	31141	8.9324e-192	0.2363273166945315	0.008000301853585044
CCL4	rs1719153	T	A	0.233359761392381	28.6298	14256	2.8773999999999998e-180	0.38981296507617114	0.013615637031211226
JUN	rs2716140	C	A	0.397872900146567	-28.3811	31470	3.4506000000000003e-177	-0.22822412908436765	0.008041412386565977
IGFBP4	rs9893243	A	T	0.139202263948908	28.0381	31224	5.595e-173	0.3201224425740865	0.011417408546730574
PLAU	rs2227551	G	T	0.296854447743245	27.6698	31684	1.6216999999999999e-168	0.23773429243147834	0.008591832699603117
PTGES	rs17418275	C	T	0.0410125025620004	26.9066	24395	1.8385e-159	0.6053106921212666	0.022496736567283366
NAP1L4	rs12363575	G	A	0.205531962869706	-26.5518	31684	2.4482000000000002e-155	-0.25816794256686826	0.00972318044602883
SELPLG	rs35473248	A	G	0.0667067533541283	-26.3246	31470	9.9765e-153	-0.41598210502749017	0.015802029471577543
IGFBP7	rs2271808	T	C	0.375869066857078	25.3013	31470	3.0986e-141	0.20613440562078444	0.008147186335120505
TNF	rs1121800	A	T	0.398743991316483	24.4834	13565	2.2305999999999998e-132	0.2970846978371605	0.01213412752465591
MIF	rs55814834	C	A	0.230137698103403	-23.9496	4665	9.284600000000001e-127	-0.5558734460675028	0.023210134869371627
LCP1	rs7322204	A	G	0.487412244281724	23.76	31569	8.6605e-125	0.187508015351159	0.007891751487843391
TUBGCP2	rs2995331	C	A	0.10142386012668203	-23.7551	11486	9.7086e-125	-0.5068685446792643	0.02133725156615903
BMP2	rs6140415	A	G	0.150419031154872	23.6346	31684	1.7079e-123	0.26035414004367413	0.011015804796513338
CXCL1	rs2071425	G	A	0.212473778261207	-23.3573	30817	1.1591e-120	-0.2279904640422626	0.009760993952308812
CXCL10	rs6816898	C	A	0.460926747209053	-23.2591	31231	1.1481e-119	-0.1851040330809185	0.007958348907778827
IL18	rs11606049	T	C	0.24326160815402	22.8369	14259	1.9768e-115	0.30957620086180215	0.013555964288576916
ESM1	rs6891823	C	T	0.442427701674277	-22.1387	31315	1.3375000000000002e-108	-0.17673266814223398	0.007982974074459385
IL15	rs60301947	A	C	0.383829803299732	-21.5867	31562	2.39e-103	-0.17538270128322905	0.008124572133917136
MMP9	rs13925	A	G	0.148395219482862	21.4768	31683	2.5658e-102	0.23827249148120552	0.011094413110016646
IL10	rs1518111	T	C	0.228366576408222	-21.0168	31256	4.6045e-98	-0.19884555712385618	0.009461267039885052
GDF15	rs4808795	A	G	0.24649313819820695	20.7374	24224	1.5997e-95	0.2166951734276778	0.010449486118205648
EGF	rs2298979	A	G	0.404637528655718	20.3226	31684	8.1162e-92	0.16342112210883164	0.008041349143752848
ACVR1B	rs11612312	C	T	0.201059791799767	18.6305	31470	1.8216e-77	0.18427206100715438	0.009890881136156
TNFRSF1B	rs6697733	C	T	0.223582032736962	-18.4831	31345	2.8195e-76	-0.17622015738014513	0.009534123463063291
EREG	rs58813617	C	G	0.266470047495021	-18.3384	30434	4.0865000000000003e-75	-0.16720431242871375	0.00911771541839603
ICAM1	rs281437	T	C	0.24334548769371	18.2322	27015	2.8761e-74	0.18167931794768427	0.009964750164417035
PGF	rs8185	C	T	0.172842689942472	17.5624	30280	4.781000000000001e-69	0.18778921771160065	0.01069268537965202
PIGF	rs13413254	T	A	0.372730361254766	16.6898	31566	1.5549e-62	0.13677101240797582	0.008194886242374133
AXL	rs1709138	A	G	0.466312664154391	16.617	31346	5.2495e-62	0.1324524649212944	0.007970901180796436
CSF2RB	rs2075938	A	G	0.28963089802130904	16.4665	31355	6.3965e-61	0.1443439848315289	0.008765917762215948
CCL5	rs8069014	A	G	0.190494167390237	-16.3409	31350	5.0419e-60	-0.1654815730102235	0.010126833467570543
SCAMP4	rs8109279	T	C	0.128778203490847	15.3022	9179	7.3915e-53	0.3329550990100922	0.02175864248343978
BMP6	rs9406052	C	T	0.477349943374858	15.1826	31565	4.6254e-52	0.12053809039951104	0.007939225850612611
EDN1	rs557768	T	C	0.459777227722772	-14.8482	30931	7.124899999999999e-50	-0.11936015458677862	0.00803869523489572
FGF2	rs308403	T	C	0.30875190258751894	-14.1463	25147	1.9657000000000002e-45	-0.1360008988573658	0.00961388482199344
MMP1	rs471994	A	G	0.356665660149468	-12.6206	31569	1.6258e-36	-0.1045906175563866	0.008287293595897707
IL6ST	rs7731626	A	G	0.342789095394037	-12.6042	28588	2.0019e-36	-0.11074883270192777	0.008786661009975069
CCL3	rs149813784	C	T	0.21088418913033002	12.5025	3686	7.2431e-36	0.3496174819947094	0.02796380579841707
CSF1	rs115695318	T	A	0.0661491989446717	-12.3576	31228	4.4319e-35	-0.1984662704534588	0.016060260119558717
GMFG	rs251905	G	A	0.09179104477611899	12.2271	9093	2.2302e-34	0.3114731706550948	0.025474002065501614
IGFBP6	rs11170393	G	A	0.0865106544901065	12.0546	31355	1.8342000000000003e-33	0.17084167745909243	0.0141723223880587
PLAUR	rs4760	G	A	0.135972832914573	11.5325	30333	9.0583e-31	0.13630474823354094	0.011819184759032382
ITPKA	rs11635906	G	A	0.262210311768702	11.1475	30744	7.372900000000001e-29	0.10200352657526775	0.009150349995538707
IL6	rs10265117	A	G	0.121989884502151	-9.5076	30650	1.9474e-21	-0.11716273911038107	0.01232306145719015
SERPINE1	rs2227667	G	A	0.213451293759513	-9.3402	31355	9.597099999999998e-21	-0.0909017485277287	0.00973231285494194
MMP14	rs2073345	C	G	0.34814832814929997	9.1955	25651	3.7360000000000005e-20	0.08508186754221934	0.009252554786821745
PLAT	rs3924346	G	A	0.426441164256861	-8.9883	31564	2.5086000000000003e-19	-0.0722425235570947	0.008037395676278574
GEM	rs10956904	T	G	0.455992333421023	-8.7842	29802	1.5748e-18	-0.07214757348613308	0.008213334565029607
C3	rs339392	G	T	0.218272013228607	-8.6764	26022	4.0849e-18	-0.09193906624184942	0.01059645316512026
IL1B	rs6542082	G	A	0.481182483447555	-8.1239	30902	4.5107e-16	-0.06533272725129276	0.008042039814780185
HMGB1	rs7986681	C	A	0.42189749776238505	7.8463	25483	4.2883e-15	0.07029019710088516	0.008958387660538745
IL7	rs2369442	A	C	0.264137722055983	-7.5055	31262	6.1148e-14	-0.06802238132317004	0.009063004639686902
WNT16	rs6951173	A	C	0.0592467118373854	-7.4121	29416	1.2422e-13	-0.12931809105605865	0.017446889687950603
HGF	rs2057938	C	T	0.2327416918429	-7.2345	31242	4.669e-13	-0.068430977759561	0.0094589781960828
CCL2	rs112571888	C	G	0.0659633096783935	6.588	31567	4.4639e-11	0.10555781642227342	0.016022740804838103
CCL8	rs11655679	C	A	0.291705813822391	5.4521	30574	4.9806e-08	0.048482196325273764	0.0088923894142209
PTBP1	rs2930898	C	T	0.285748496620723	5.2935	18407	1.2006e-07	0.061022295537367946	0.011527778508995551
