gene	rsid	theta	se	OR	p_mr	gwas_p	eqtl_p	fdr
MMP9	rs13925	-0.46879100187195	0.09652813825474352	0.6257583518147732	1.1946567113611403e-06	1.145e-06	2.5658e-102	9.198856677480779e-05
CXCR2	rs4674259	-0.21840971600120035	0.060942745712639954	0.8037960460900637	0.0003385653575012435	0.0003359	3.0013e-209	0.011941626057156951
ICAM1	rs281437	0.3429118994047507	0.09797482840135735	1.4090446187883408	0.00046525815807105003	0.0004782	2.8761e-74	0.011941626057156951
TNFRSF1A	rs1800692	0.22173484793367704	0.06695368410075506	1.2482403604704033	0.0009270948541641621	0.0009206	6.710199999999999e-214	0.016647900630307837
CCL8	rs11655679	1.163313634176238	0.3609572446468824	3.200521080406926	0.0012691883500340793	0.001312	4.9806e-08	0.016647900630307837
ICAM3	rs7409490	0.1574161191766648	0.04893882215091155	1.1704825728219175	0.0012972390101538573	0.001278	3.2717e-310	0.016647900630307837
JUN	rs2716140	0.20725240661347694	0.07142101961521509	1.2302930667001686	0.0037097738214859452	0.003732	3.4506000000000003e-177	0.040807512036345396
LCP1	rs7322204	0.22292380366630354	0.08479637507880926	1.2497253456185495	0.008565378426370642	0.008546	8.6605e-125	0.0777741132647615
IL15	rs60301947	0.2411868427758385	0.09350979247101067	1.272758818884159	0.009900985591898236	0.009695	2.39e-103	0.0777741132647615
CCL2	rs112571888	0.7408262377005678	0.2879938315357706	2.0976679710462998	0.010100534190228765	0.01006	4.4639e-11	0.0777741132647615
ESM1	rs6891823	-0.23368628128650154	0.09279552089827181	0.791610119853141	0.011792528326620436	0.01187	1.3375000000000002e-108	0.08254769828634305
CSF2RB	rs2075938	-0.3103697050645257	0.1267804822026969	0.7331758472882735	0.014361680073040431	0.01428	6.3965e-61	0.09215411380200944
PTBP1	rs2930898	0.6653305917529436	0.29005791807948533	1.9451334601361387	0.021802833590928265	0.02182	1.2006e-07	0.12913986050011356
HGF	rs2057938	0.5903758987917634	0.27619070512782995	1.8046666599312242	0.03255197252891779	0.03275	4.669e-13	0.16729595591063795
IL6	rs10265117	-0.4523622476090099	0.21167139133402726	0.6361236936958362	0.03259012128129311	0.03215	1.9474e-21	0.16729595591063795
IL32	rs1554999	-0.07749793394835088	0.03732137345407424	0.9254289363786419	0.037847478690015535	0.03763	3.2717e-310	0.18214099119569974
EDN1	rs557768	-0.27060956909633427	0.1348858842864081	0.7629143035856875	0.044833721545229466	0.04558	7.124899999999999e-50	0.20307038582250994
CXCL10	rs6816898	-0.17179528436367772	0.08697811566840287	0.8421515571149478	0.04825052915599662	0.04857	1.1481e-119	0.2064050413895411
ETS2	rs11254	0.12045244320319874	0.06189402466133597	1.1280070952859451	0.0516417937133996	0.05141	1.6357e-238	0.20928516399640892
GDF15	rs4808795	-0.17490006537985564	0.09091111577791967	0.8395409157796436	0.05437240154388371	0.05404	1.5997e-95	0.2093337459439523
CTNNB1	rs1722846	-0.11298523000822876	0.059882171904361244	0.893163852041338	0.0591882466367507	0.0595	6.3969e-250	0.21702357100141925
RPS6KA5	rs41313505	-0.12429140550951692	0.06871652228169471	0.883122456633537	0.0704889559881221	0.07038	4.5388e-201	0.24671134595842736
WNT16	rs6951173	-0.45082632695782143	0.25518471337235177	0.6371014799225022	0.07728406892558992	0.07767	1.2422e-13	0.2587336220552358
IGFBP3	rs1525828	0.10475680833781006	0.06134730899234768	1.1104405276384244	0.08771015405948587	0.0886	1.4633999999999998e-242	0.28140341094085053
IL1B	rs6542082	-0.41786101925600894	0.24796148395411519	0.6584537344557901	0.09195284843977562	0.09193	4.5107e-16	0.28321477319450894
CXCL16	rs1050998	0.060369985165823134	0.038044481217707406	1.0622294830019579	0.11255197980312236	0.1116	3.2717e-310	0.3229084714584555
ANG	rs1010461	0.05018192798857892	0.03168349178886748	1.0514623694104706	0.11322764583608182	0.1135	3.2717e-310	0.3229084714584555
TNF	rs1121800	-0.08583410786770708	0.055876321200154414	0.9177464655106342	0.1245029251105381	0.1244	2.2305999999999998e-132	0.34088366501873596
FGF2	rs308403	0.19926338890172904	0.13235206642919273	1.2205033906157736	0.13218130506153644	0.1312	1.9657000000000002e-45	0.34088366501873596
NRG1	rs2466076	0.034076415720203715	0.022670673268399992	1.0346636682766868	0.13281181753976726	0.1337	3.2717e-310	0.34088366501873596
IL7	rs2369442	0.3763467185657032	0.2660888908609073	1.4569521985849438	0.1572548664182609	0.1588	6.1148e-14	0.39060079723245444
ACVR1B	rs11612312	0.14923586272219705	0.10744982115998189	1.160946780987269	0.1648665397479091	0.1658	1.8216e-77	0.3967101112684063
IQGAP2	rs3886042	-0.03390914362230091	0.025002133546396983	0.9666593278127925	0.17501963822996347	0.1743	3.2717e-310	0.4083791558699148
IL18	rs11606049	-0.07914045049909067	0.060405160176856966	0.9239101516900562	0.19014156960520223	0.1894	1.9768e-115	0.4306147311647227
MMP1	rs471994	0.1988706108249754	0.1587140451776246	1.2200240977753583	0.21020132204028907	0.2101	1.6258e-36	0.46244290848863595
NAP1L4	rs12363575	0.08560319217121959	0.07591957314732596	1.0893739704093748	0.25950958185052186	0.2602	2.4482000000000002e-155	0.5423069091640151
IGFBP2	rs17496232	0.06039130542972904	0.05368116038198136	1.062252130256286	0.2605890342736177	0.2598	3.2717e-310	0.5423069091640151
CTSB	rs1296022	-0.05207801344756932	0.048570167982188994	0.9492548093138893	0.28362023141821835	0.2814	3.2717e-310	0.5747041531369161
IL10	rs1518111	0.10410089266971385	0.09957476690146544	1.1097124111154797	0.29581293822825316	0.296	4.6045e-98	0.5840409293224487
BMP2	rs6140415	-0.08795711870054594	0.08680484203634664	0.915800146581674	0.3109291422565209	0.3107	1.7079e-123	0.5915863762669088
C3	rs339392	-0.22841215229180878	0.22732447537613348	0.7957962030065289	0.31500053801225014	0.3154	4.0849e-18	0.5915863762669088
PTGER2	rs1254600	0.06163340167486378	0.0636034190799964	1.0635723694009669	0.33253194318566826	0.3325	9.6528e-265	0.6096418958403919
PGF	rs8185	-0.10330731570432211	0.11715262605644775	0.9018497782906723	0.3778751377458387	0.3786	4.781000000000001e-69	0.6656095080077614
SERPINE1	rs2227667	0.19251554874834775	0.22331803654808335	1.2122953532362708	0.38864956805831485	0.3876	9.597099999999997e-21	0.6656095080077614
PIGF	rs13413254	0.10455431855212396	0.1213707474101579	1.1102156975376334	0.38899256961492545	0.3885	1.5549e-62	0.6656095080077614
MMP14	rs2073345	0.1868788316395395	0.2244896656802015	1.2054812100184835	0.4051489335903997	0.4068	3.7360000000000005e-20	0.6781840844882778
CD55	rs891376	0.01826886460784094	0.023642060080735335	1.0184367611830303	0.4396838026055717	0.4375	3.2717e-310	0.6950637897794941
ITPKA	rs11635906	0.1372501566371776	0.1784252036283309	1.1471150710797478	0.44175632742491955	0.442	7.372900000000001e-29	0.6950637897794941
IGFBP7	rs2271808	-0.061125167155160004	0.07955974137655747	0.9407054869771238	0.44231332076876895	0.4425	3.0986e-141	0.6950637897794941
EGF	rs2298979	-0.07281800446869469	0.09913039263805494	0.9297700286189821	0.46260269277982424	0.4648	8.1162e-92	0.7124081468809293
CXCL1	rs2071425	-0.062721921550847	0.08991604138408137	0.9392046099406383	0.48545179387726434	0.4863	1.1591e-120	0.7329370221284187
IGFBP4	rs9893243	0.046544690463405	0.06934846498574437	1.0476448977583162	0.5021114917085225	0.503	5.595e-173	0.7435112473376199
CSF1	rs115695318	-0.11991962133223642	0.18844511923637153	0.8869917290654268	0.5245394364353131	0.5241	4.4319e-35	0.7620667284060209
PTGES	rs17418275	0.03419731432044985	0.05930838570551447	1.0347887652277779	0.564208569920382	0.5644	1.8385e-159	0.8045196274790632
TNFRSF10C	rs6557616	-0.03313402563723736	0.062481305487361874	0.9674088933065286	0.5959018460145695	0.5961	1.4706e-229	0.8113121349837497
CCL5	rs8069014	-0.06465976728018502	0.12750664388896302	0.93738633863194	0.6120783371474081	0.6124	5.0419e-60	0.8113121349837497
AXL	rs1709138	-0.061909002636323804	0.12381800527264761	0.939968417547429	0.6170750774519738	0.6163	5.2495e-62	0.8113121349837497
TUBGCP2	rs2995331	0.025647675588600833	0.05149264098942168	1.0259794071965251	0.6184246321599335	0.619	9.7086e-125	0.8113121349837497
IGFBP6	rs11170393	0.08897126407366025	0.1802838772018905	1.09304924609241	0.6216547527797562	0.6209	1.8342000000000006e-33	0.8113121349837497
BMP6	rs9406052	-0.06388022221423244	0.13356773735703145	0.9381173584215274	0.6324645435947363	0.6312	4.6254e-52	0.8116628309465781
HMGB1	rs7986681	0.1081231852158841	0.2503905341841527	1.1141849880514483	0.6658735638884037	0.6667	4.2883e-15	0.839410890027976
SPP1	rs2853749	0.01569653735831965	0.03754442043814295	1.0158203750936312	0.6758892880744742	0.6767	3.2717e-310	0.839410890027976
SELPLG	rs35473248	-0.03125134433160507	0.07812836082901269	0.9692319315063501	0.6891565167793516	0.6896	9.9765e-153	0.8423024093969853
SCAMP4	rs8109279	-0.030034079759496013	0.07989065216025938	0.9704124615616667	0.7069616141773682	0.706	7.3915e-53	0.8505631920571461
CCL4	rs1719153	-0.01616159687959315	0.049510923773991716	0.9839683010000794	0.744102923228835	0.7445	2.8774e-180	0.8814757705941584
FAS	rs4064	0.01255450342064849	0.04268531163020487	1.01263364203394	0.7686680065608087	0.7661	3.2717e-310	0.896745695952329
TNFRSF1B	rs6697733	-0.03007601445143844	0.1078196744485529	0.9703717684672662	0.78028521595852	0.7779	2.8195e-76	0.896745695952329
GMFG	rs251905	0.019263296377600405	0.08861116333696187	1.0194500307840815	0.8279034072964627	0.8264	2.2302e-34	0.9362441444161693
EREG	rs58813617	0.022726686559714788	0.11183922070175437	1.0229869052646097	0.8389720255157881	0.8397	4.0865e-75	0.9362441444161693
PLAUR	rs4760	-0.02934600629720182	0.17974428857036115	0.971080406395151	0.8703095490463337	0.8715	9.0583e-31	0.9521404268860789
TIMP2	rs7222767	-0.0062693921154377795	0.04082394865866461	0.9937502195175684	0.8779476663495013	0.8767	3.2717e-310	0.9521404268860789
GEM	rs10956904	-0.02910700801883	0.22176768014346668	0.9713125206767921	0.8955775437452309	0.8943	1.5748e-18	0.9569151123957693
ANGPT1	rs1353308	0.005145364572362435	0.04414181185763562	1.0051586246936182	0.9072052364271579	0.9082	3.2717e-310	0.9569151123957693
ITGA2	rs3212418	0.004444188973872755	0.05538143182826048	1.0044540790273517	0.9360408787997218	0.9384	7.8956e-306	0.9739884819943051
PLAT	rs3924346	-0.011073810279727342	0.22424465816447867	0.9889872786536379	0.9606143019500198	0.9602	2.5086000000000003e-19	0.9782386298911591
SERPINE2	rs10194024	-0.0010507265315938218	0.02431681401688559	0.9989498252882407	0.9655342321003648	0.9643	3.2717e-310	0.9782386298911591
VEGFA	rs11965885	0.0008462838862530356	0.07108784644525498	1.0008466420855	0.9905015986342394	0.991	8.9324e-192	0.9905015986342394
