gene	cell_type	mean_logexpr	specificity
CD3D	T_NK	1.6800469160079956	1.5953696966171265
TRAC	T_NK	1.6228106021881104	1.4836151599884033
CD3E	T_NK	1.3818769454956055	1.3271806240081787
CD2	T_NK	1.3600268363952637	1.2279318571090698
TRBC2	T_NK	1.3712797164916992	1.193204641342163
CD7	T_NK	1.2885429859161377	1.1523563861846924
CCL5	T_NK	1.2650692462921143	1.1366746425628662
KLRB1	T_NK	1.348701000213623	1.0422989130020142
IL7R	T_NK	1.3394536972045898	0.9796032905578613
CD3G	T_NK	1.008684515953064	0.9491174221038818
LCK	T_NK	1.045865535736084	0.9451438188552856
BTG1	T_NK	2.2031948566436768	0.8921281099319458
EVL	T_NK	1.2678651809692383	0.8800297975540161
CD247	T_NK	0.8141722679138184	0.7632927894592285
GZMM	T_NK	0.8050034046173096	0.7628422379493713
GZMA	T_NK	0.8062922358512878	0.760614275932312
RORA	T_NK	0.9719935655593872	0.7593376636505127
CXCR4	T_NK	1.6235480308532715	0.7425620555877686
TRAT1	T_NK	0.797681450843811	0.7405218482017517
NKG7	T_NK	0.8761485815048218	0.737657368183136
SPOCK2	T_NK	0.8398916125297546	0.6962152123451233
CD52	T_NK	1.496158242225647	0.6795467734336853
IL32	T_NK	1.5449833869934082	0.67143714427948
AC092580.4	T_NK	0.7572154402732849	0.6691892147064209
GPR171	T_NK	0.7916265726089478	0.6596231460571289
RPS3	T_NK	3.3765931129455566	0.6590423583984375
CD8A	T_NK	0.7025773525238037	0.6545501351356506
LEPROTL1	T_NK	1.0809217691421509	0.6519222259521484
LTB	T_NK	1.178152322769165	0.6461624503135681
PRKCQ-AS1	T_NK	0.7058931589126587	0.6361547112464905
RPS15A	T_NK	3.78004789352417	0.6246495246887207
CD6	T_NK	0.6724127531051636	0.622965395450592
CD96	T_NK	0.752344012260437	0.6208029389381409
RPS27	T_NK	3.726905107498169	0.605504035949707
RPL30	T_NK	2.8956613540649414	0.6026802062988281
RPL13	T_NK	4.962167739868164	0.589137077331543
KLRD1	T_NK	0.6185510158538818	0.5813114047050476
ACAP1	T_NK	0.9783403277397156	0.5791769623756409
ZFP36L2	T_NK	1.5485602617263794	0.5788273811340332
GZMK	T_NK	0.6064221858978271	0.5750221014022827
CD8B	T_NK	0.6178892254829407	0.5738677978515625
CST7	T_NK	0.878874659538269	0.5708545446395874
SARAF	T_NK	1.5690838098526	0.5705902576446533
ICOS	T_NK	0.6605902314186096	0.5702322125434875
RPS25	T_NK	3.300642251968384	0.5667645931243896
TRBC1	T_NK	0.9991371035575867	0.565933108329773
PPP2R5C	T_NK	0.9301161170005798	0.5589048266410828
SH2D1A	T_NK	0.591327965259552	0.5550144910812378
RPL31	T_NK	2.888087272644043	0.5498218536376953
RPS6	T_NK	3.985760450363159	0.5490705966949463
HOPX	T_NK	0.6951371431350708	0.5431695580482483
CD40LG	T_NK	0.5853362679481506	0.5287690758705139
RGL4	T_NK	0.5623464584350586	0.5156362056732178
TRGC2	T_NK	0.555693507194519	0.5132083892822266
ZAP70	T_NK	0.5702035427093506	0.5110324621200562
RPS12	T_NK	3.5408761501312256	0.5098154544830322
PRF1	T_NK	0.5354896187782288	0.5089570879936218
TIGIT	T_NK	0.5553317070007324	0.5077747106552124
GATA3	T_NK	0.5804507732391357	0.507166862487793
PYHIN1	T_NK	0.5657188892364502	0.5024701952934265
SH2D2A	T_NK	0.5559878945350647	0.5001367926597595
BCL11B	T_NK	0.5965560674667358	0.4979146122932434
RPS19	T_NK	4.208553314208984	0.49785614013671875
RPL19	T_NK	3.477548599243164	0.49494314193725586
RPL23A	T_NK	3.28165864944458	0.4924430847167969
CD28	T_NK	0.5373715162277222	0.4910223186016083
RPL13A	T_NK	4.508421897888184	0.48622989654541016
SIRPG	T_NK	0.5150748491287231	0.4861176609992981
RPS18	T_NK	4.4854536056518555	0.4833354949951172
RPL14	T_NK	2.878035068511963	0.4743647575378418
TMEM66	T_NK	1.622268795967102	0.4741288423538208
RPLP2	T_NK	4.04808235168457	0.4735145568847656
STAT4	T_NK	0.6408407688140869	0.4705720841884613
RPS29	T_NK	2.381082057952881	0.46960771083831787
RPL11	T_NK	3.718430519104004	0.4615941047668457
CLEC2D	T_NK	0.6790095567703247	0.46132558584213257
RPL32	T_NK	4.126461982727051	0.4531087875366211
FYN	T_NK	0.8886589407920837	0.45294153690338135
IL2RB	T_NK	0.5034319758415222	0.44971421360969543
RPSA	T_NK	1.7930958271026611	0.44968438148498535
RPL27A	T_NK	3.5289247035980225	0.4496009349822998
GZMB	T_NK	0.49625903367996216	0.4455914795398712
EEF1A1	T_NK	4.5513715744018555	0.43789196014404297
OXNAD1	T_NK	0.611939013004303	0.43711575865745544
CXCR6	T_NK	0.47057217359542847	0.4368857741355896
TTC39C	T_NK	0.5972738265991211	0.4331051707267761
RCAN3	T_NK	0.5801015496253967	0.4326869547367096
IFNG	T_NK	0.4727168083190918	0.4302446246147156
SCML4	T_NK	0.5358459949493408	0.42975446581840515
TBC1D10C	T_NK	0.6962277293205261	0.42911526560783386
PTGER4	T_NK	0.8098618984222412	0.42164042592048645
LINC00892	T_NK	0.4634898900985718	0.421584814786911
RPL35A	T_NK	3.1490368843078613	0.42047691345214844
RPS4X	T_NK	3.5354506969451904	0.4194624423980713
TRAF3IP3	T_NK	0.7336058616638184	0.4162368178367615
RPLP1	T_NK	5.1129350662231445	0.4161214828491211
STK17A	T_NK	0.8156514167785645	0.41512006521224976
IL2RG	T_NK	0.8723471164703369	0.4133147895336151
RPS2	T_NK	3.5390591621398926	0.413022518157959
CORO1A	T_NK	1.2789671421051025	0.4110187292098999
LINC00861	T_NK	0.4542863368988037	0.41073963046073914
DUSP2	T_NK	0.9636118412017822	0.41022586822509766
SEPT1	T_NK	0.7335267066955566	0.41010764241218567
PTPRC	T_NK	1.2222766876220703	0.4063984751701355
RPL10	T_NK	5.195676803588867	0.4053926467895508
AAK1	T_NK	0.6386545300483704	0.4041100740432739
RPS3A	T_NK	3.3793630599975586	0.4002552032470703
CD5	T_NK	0.4265890419483185	0.39707309007644653
GZMH	T_NK	0.41417595744132996	0.3951835036277771
RPL9	T_NK	3.112704277038574	0.3939509391784668
THEMIS	T_NK	0.4273833632469177	0.3929065465927124
RPS8	T_NK	3.2732982635498047	0.3890533447265625
ITK	T_NK	0.5433101654052734	0.38583970069885254
ARHGDIB	T_NK	1.4945486783981323	0.38410186767578125
CREM	T_NK	1.0465456247329712	0.3831585645675659
GNLY	T_NK	0.45940685272216797	0.38311320543289185
RAC2	T_NK	1.029889464378357	0.38271206617355347
XCL2	T_NK	0.42140334844589233	0.3774659037590027
CAMK4	T_NK	0.5133755207061768	0.37334686517715454
PPP1R2	T_NK	0.8611139059066772	0.3702840209007263
RPS14	T_NK	4.10936164855957	0.3677854537963867
CTLA4	T_NK	0.4422643780708313	0.3651823103427887
RPS15	T_NK	3.8634073734283447	0.3642141819000244
XCL1	T_NK	0.4119802713394165	0.3631555438041687
CD48	T_NK	1.095863938331604	0.3604625463485718
C14ORF64	T_NK	0.42416882514953613	0.36019402742385864
RPS27A	T_NK	3.627392053604126	0.36013102531433105
CD160	T_NK	0.3830263018608093	0.35708025097846985
LAG3	T_NK	0.4824635684490204	0.3548091948032379
RPS20	T_NK	2.7072575092315674	0.3523218631744385
STK4	T_NK	0.9707708358764648	0.3496929407119751
RPL21	T_NK	3.3697962760925293	0.3479189872741699
SYTL3	T_NK	0.7948096394538879	0.34599223732948303
DENND2D	T_NK	0.5459559559822083	0.33671268820762634
BIN2	T_NK	0.6278098821640015	0.3353722393512726
SEPT6	T_NK	0.7229952812194824	0.3333355784416199
TOMM7	T_NK	1.6184356212615967	0.3312361240386963
RPL4	T_NK	2.0336031913757324	0.33075857162475586
RP11-51J9.5	T_NK	0.5181523561477661	0.3270052373409271
RASGRP1	T_NK	0.41809993982315063	0.3261567950248718
CHRM3-AS2	T_NK	0.3909464478492737	0.32495927810668945
SLA2	T_NK	0.3574177026748657	0.3207380175590515
RASAL3	T_NK	0.46946534514427185	0.3203982412815094
PARP8	T_NK	0.5252480506896973	0.3198916018009186
RPL27	T_NK	2.409729480743408	0.318587064743042
SKAP1	T_NK	0.656230628490448	0.3140036463737488
SAMD3	T_NK	0.33401796221733093	0.3116806149482727
CTSW	T_NK	0.6217390894889832	0.3106503486633301
RPL3	T_NK	3.7941551208496094	0.309049129486084
RPS21	T_NK	1.936483383178711	0.3050711154937744
FYB	T_NK	1.1125576496124268	0.30395013093948364
PBXIP1	T_NK	0.6202558875083923	0.3027116656303406
CXCR3	T_NK	0.3848941922187805	0.29937028884887695
LYAR	T_NK	0.5881174802780151	0.2943137586116791
RPS16	T_NK	2.9026756286621094	0.29401206970214844
PTPRCAP	T_NK	0.7148289084434509	0.2932058572769165
SIT1	T_NK	0.5136851668357849	0.2926137149333954
SNHG6	T_NK	0.9966127276420593	0.291046142578125
TMIGD2	T_NK	0.49020108580589294	0.28940677642822266
CDC42SE2	T_NK	0.7143985033035278	0.28934821486473083
PCED1B-AS1	T_NK	0.9503233432769775	0.28835195302963257
RPL5	T_NK	2.258315086364746	0.28722310066223145
RPL18A	T_NK	3.7275710105895996	0.28495264053344727
AC013264.2	T_NK	0.31342342495918274	0.2843530774116516
RPL29	T_NK	3.027824640274048	0.27922987937927246
RPL15	T_NK	3.2484028339385986	0.27910852432250977
PTPN22	T_NK	0.5360063314437866	0.2776516079902649
TRDC	T_NK	0.41835612058639526	0.2759729027748108
TNFRSF25	T_NK	0.44362130761146545	0.27557000517845154
RARRES3	T_NK	1.0076932907104492	0.27211737632751465
RPS7	T_NK	2.7566022872924805	0.26953768730163574
TRGC1	T_NK	0.3613404333591461	0.2683320641517639
CYTIP	T_NK	1.0125114917755127	0.2677488327026367
PTPN4	T_NK	0.45088398456573486	0.2666170597076416
IPCEF1	T_NK	0.4020742177963257	0.2655580937862396
PDCD1	T_NK	0.2916709780693054	0.2632855772972107
RPL10A	T_NK	2.5788159370422363	0.25975823402404785
FAIM3	T_NK	0.5759072303771973	0.25899046659469604
TCF7	T_NK	0.6056509017944336	0.25762665271759033
TSC22D3	T_NK	1.7075308561325073	0.25249922275543213
CXCR1	T_NK	0.0036285968963056803	0.001649390673264861
CRYAB	Stromal_other	6.4632792472839355	5.166932582855225
PLP1	Stromal_other	5.181707382202148	4.761456489562988
S100B	Stromal_other	5.105947017669678	4.5758209228515625
GPM6B	Stromal_other	4.802916526794434	4.347230911254883
LGI4	Stromal_other	4.661769390106201	4.249477386474609
SPP1	Stromal_other	4.341731071472168	3.6002297401428223
MPZ	Stromal_other	3.8572068214416504	3.5711207389831543
GFRA3	Stromal_other	3.4357640743255615	3.2353429794311523
RGS16	Stromal_other	3.7740719318389893	3.1488637924194336
RGS5	Stromal_other	3.6525726318359375	3.1329312324523926
TUBB2B	Stromal_other	3.227915048599243	3.0497896671295166
ALDH1A1	Stromal_other	4.163132190704346	3.0211405754089355
SEMA3B	Stromal_other	3.8039045333862305	2.9981143474578857
NRXN1	Stromal_other	3.1805191040039062	2.8463025093078613
CLU	Stromal_other	4.712304592132568	2.51092791557312
MYOT	Stromal_other	2.670262098312378	2.4416444301605225
NTM	Stromal_other	2.628333330154419	2.275939464569092
CDH19	Stromal_other	2.583526611328125	2.273479461669922
PCSK2	Stromal_other	2.1646673679351807	2.031451940536499
COL9A3	Stromal_other	2.2036077976226807	1.908074140548706
TSPAN11	Stromal_other	2.6126811504364014	1.9027276039123535
PLEKHB1	Stromal_other	2.055759906768799	1.8931653499603271
MAL	Stromal_other	2.3137645721435547	1.8844034671783447
PMP22	Stromal_other	4.277177810668945	1.8474221229553223
MATN2	Stromal_other	3.2800447940826416	1.8431833982467651
CYR61	Stromal_other	4.469571590423584	1.8091363906860352
COX4I2	Stromal_other	2.03893780708313	1.7544392347335815
PMEPA1	Stromal_other	2.5313327312469482	1.7466509342193604
NDUFA4L2	Stromal_other	2.753355026245117	1.7246230840682983
ARHGAP15	Stromal_other	2.303328514099121	1.7017803192138672
TPPP3	Stromal_other	3.039947986602783	1.6736021041870117
FBLN2	Stromal_other	2.8240435123443604	1.6722302436828613
COL18A1	Stromal_other	3.509312391281128	1.6376910209655762
PRNP	Stromal_other	2.967430591583252	1.636387825012207
DKK3	Stromal_other	3.581911087036133	1.619363784790039
SMIM5	Stromal_other	1.934124231338501	1.6185442209243774
NOTCH3	Stromal_other	1.9968347549438477	1.6099672317504883
TUBA1A	Stromal_other	3.034799575805664	1.6007683277130127
SCN7A	Stromal_other	2.020066261291504	1.5746052265167236
ST6GALNAC2	Stromal_other	1.7320942878723145	1.57108473777771
OLFML2A	Stromal_other	2.40421199798584	1.5630214214324951
FEZ1	Stromal_other	2.330049753189087	1.5499963760375977
HSPA2	Stromal_other	2.102064847946167	1.5273802280426025
L1CAM	Stromal_other	1.6326552629470825	1.5225633382797241
CAPS	Stromal_other	1.6205129623413086	1.4891839027404785
CADM3	Stromal_other	1.8470383882522583	1.4696004390716553
XKR4	Stromal_other	1.6856192350387573	1.448215126991272
HIGD1B	Stromal_other	1.7656339406967163	1.3829219341278076
FADS3	Stromal_other	1.6084810495376587	1.3204470872879028
RP4-792G4.2	Stromal_other	1.3134009838104248	1.3095773458480835
COMT	Stromal_other	2.2138946056365967	1.3005733489990234
SNCA	Stromal_other	2.0500595569610596	1.2992806434631348
CADM2	Stromal_other	1.3926748037338257	1.278789758682251
PHLDA3	Stromal_other	2.3565096855163574	1.2770838737487793
SLC22A17	Stromal_other	1.8916847705841064	1.2556058168411255
NGFR	Stromal_other	1.4468766450881958	1.2355589866638184
CADM4	Stromal_other	1.2829208374023438	1.2309763431549072
IL11RA	Stromal_other	1.8216410875320435	1.2231900691986084
TTR	Stromal_other	1.2820576429367065	1.209172248840332
RERG	Stromal_other	1.7865465879440308	1.2054595947265625
FGFBP2	Stromal_other	1.3465118408203125	1.186838984489441
S100A1	Stromal_other	1.238654613494873	1.1834148168563843
NDRG2	Stromal_other	2.1099092960357666	1.1707617044448853
MIA	Stromal_other	1.251732587814331	1.1474993228912354
ANK3	Stromal_other	1.5663100481033325	1.1417651176452637
GPR155	Stromal_other	1.4559320211410522	1.1212406158447266
TFAP2A	Stromal_other	1.2056258916854858	1.1136239767074585
CNN3	Stromal_other	3.3063650131225586	1.1109185218811035
PCDH9	Stromal_other	1.3861300945281982	1.1032023429870605
C1ORF198	Stromal_other	1.587934136390686	1.085100769996643
FST	Stromal_other	1.3390840291976929	1.081667423248291
SCCPDH	Stromal_other	1.7563340663909912	1.076404333114624
LRRTM1	Stromal_other	1.1735265254974365	1.0676140785217285
SOX10	Stromal_other	1.1452481746673584	1.0594160556793213
COL28A1	Stromal_other	1.1764905452728271	1.0563585758209229
KCNMB4	Stromal_other	1.3030024766921997	1.0459113121032715
ID4	Stromal_other	2.0491552352905273	1.0416885614395142
MAP1B	Stromal_other	2.149559497833252	1.0414886474609375
COL5A3	Stromal_other	1.3564331531524658	1.038252353668213
WISP2	Stromal_other	1.33437180519104	1.028451681137085
COL8A1	Stromal_other	1.5946474075317383	1.0232990980148315
CAB39L	Stromal_other	1.3547981977462769	1.0204427242279053
TTYH1	Stromal_other	1.1213479042053223	1.015394687652588
GATM	Stromal_other	1.613680124282837	0.9703721404075623
C8ORF4	Stromal_other	3.0596208572387695	0.9661045074462891
CNP	Stromal_other	1.4698225259780884	0.9540643692016602
TIMP3	Stromal_other	3.41622257232666	0.9407024383544922
ITPR1	Stromal_other	1.363721489906311	0.9379312992095947
FXYD1	Stromal_other	2.4652318954467773	0.9375307559967041
ART3	Stromal_other	1.028091549873352	0.9332844018936157
FIBIN	Stromal_other	1.9580246210098267	0.91407310962677
KCNJ8	Stromal_other	1.121195912361145	0.9027397632598877
CALM2	Stromal_other	2.5453262329101562	0.8930075168609619
FAM162B	Stromal_other	1.174331784248352	0.8762028217315674
SPARC	Stromal_other	4.38276481628418	0.8658220767974854
HSPB2	Stromal_other	1.4456877708435059	0.8638061285018921
SLITRK6	Stromal_other	1.751443862915039	0.8583312034606934
PTK2	Stromal_other	1.813157081604004	0.8554759621620178
SBSPON	Stromal_other	0.9661069512367249	0.8506213426589966
TIMP4	Stromal_other	1.1552335023880005	0.8457412123680115
RASSF4	Stromal_other	1.854302167892456	0.829688310623169
HES4	Stromal_other	1.5008490085601807	0.8275654911994934
RXRG	Stromal_other	0.9969810843467712	0.8238476514816284
ISYNA1	Stromal_other	1.3530021905899048	0.818881630897522
ASPA	Stromal_other	1.4457708597183228	0.8119434118270874
SOX2	Stromal_other	0.9503470659255981	0.8069985508918762
NLGN4X	Stromal_other	1.3225458860397339	0.8035944104194641
SERPINA5	Stromal_other	0.8435664772987366	0.7869267463684082
CADM1	Stromal_other	1.3368734121322632	0.7763511538505554
TMOD2	Stromal_other	1.1587263345718384	0.7735323905944824
TUBB2A	Stromal_other	1.513502836227417	0.7710779905319214
FCGR2B	Stromal_other	1.3584824800491333	0.7614970803260803
FOXS1	Stromal_other	0.8756006360054016	0.7590093016624451
CMTM5	Stromal_other	0.8643442392349243	0.756948709487915
S100A4	Stromal_other	2.126694917678833	0.7562525272369385
NRXN3	Stromal_other	0.9337329864501953	0.754501461982727
SEMA3C	Stromal_other	1.146923303604126	0.7414906024932861
PCBP4	Stromal_other	1.1023874282836914	0.728641927242279
EGFLAM	Stromal_other	0.8732154965400696	0.7028720378875732
LHFP	Stromal_other	2.219832181930542	0.6918730735778809
TSPAN5	Stromal_other	1.0054599046707153	0.6880624294281006
LURAP1L	Stromal_other	1.3788143396377563	0.6800644397735596
AP000688.8	Stromal_other	1.2558597326278687	0.6770417094230652
CHN1	Stromal_other	1.191825270652771	0.6738835573196411
GAS7	Stromal_other	1.399315357208252	0.672301173210144
PTGIR	Stromal_other	1.1275936365127563	0.6647568345069885
FSTL3	Stromal_other	1.4659539461135864	0.662556529045105
GRAMD3	Stromal_other	1.0300853252410889	0.6600270867347717
PRKCDBP	Stromal_other	3.1236979961395264	0.653601884841919
HEY2	Stromal_other	0.7825655341148376	0.6525746583938599
NCAM1	Stromal_other	1.4275872707366943	0.6486560106277466
RASL12	Stromal_other	1.1669763326644897	0.6427862048149109
DAG1	Stromal_other	1.130786418914795	0.6425585150718689
SOX4	Stromal_other	1.6211647987365723	0.6387873888015747
EHBP1	Stromal_other	1.0821620225906372	0.6326255798339844
AP1S2	Stromal_other	1.7843815088272095	0.6295058727264404
TMEM59L	Stromal_other	0.7954950332641602	0.6178464889526367
CYTL1	Stromal_other	1.2762839794158936	0.6157486438751221
SHC4	Stromal_other	0.6919294595718384	0.6126227378845215
MAPRE2	Stromal_other	0.9828424453735352	0.6099639534950256
PMP2	Stromal_other	0.635344386100769	0.6068910360336304
FOS	Stromal_other	2.1526732444763184	0.6053385734558105
HAND2-AS1	Stromal_other	0.8261595368385315	0.604845404624939
ADK	Stromal_other	0.8688392639160156	0.6035598516464233
EDNRA	Stromal_other	1.0759220123291016	0.6034783124923706
SORCS1	Stromal_other	0.8374985456466675	0.5984863042831421
METRN	Stromal_other	0.9540734887123108	0.5933830738067627
SH3BGR	Stromal_other	0.7850812077522278	0.5927059054374695
ATF3	Stromal_other	1.5056662559509277	0.5907549858093262
REM1	Stromal_other	1.1034433841705322	0.589680552482605
KCTD1	Stromal_other	0.7341917157173157	0.5886585116386414
MARCKS	Stromal_other	1.5938489437103271	0.5879628658294678
LOXL3	Stromal_other	0.8076114058494568	0.5760040283203125
PEBP1	Stromal_other	1.9599294662475586	0.572394609451294
FAM129A	Stromal_other	0.8728209137916565	0.5722329616546631
COL21A1	Stromal_other	0.7858002781867981	0.5681686401367188
NT5DC2	Stromal_other	0.8367098569869995	0.5668653845787048
DLX2	Stromal_other	0.6011751890182495	0.566299319267273
JUN	Stromal_other	1.9604060649871826	0.5633245706558228
CXXC5	Stromal_other	0.9603575468063354	0.5626783967018127
PDLIM4	Stromal_other	2.143977642059326	0.5625957250595093
PLSCR4	Stromal_other	1.3008325099945068	0.5620450973510742
EGR1	Stromal_other	1.815124273300171	0.556532621383667
HAND2	Stromal_other	0.827549397945404	0.5534306168556213
CSRP2	Stromal_other	2.2198777198791504	0.5516213178634644
DEPDC7	Stromal_other	0.7234243154525757	0.5398632884025574
SCN9A	Stromal_other	0.7751097083091736	0.5381837487220764
SLC35F1	Stromal_other	0.6072315573692322	0.5360550880432129
WNT6	Stromal_other	0.5685038566589355	0.532952070236206
DMD	Stromal_other	1.2663277387619019	0.5240316987037659
HOXB-AS1	Stromal_other	0.798647940158844	0.5233463048934937
STEAP4	Stromal_other	0.9562902450561523	0.5233023166656494
TLE1	Stromal_other	0.8733116388320923	0.5220465660095215
ATP1A2	Stromal_other	0.635344386100769	0.5181403756141663
HEXIM1	Stromal_other	1.034844160079956	0.5179420709609985
B4GALNT1	Stromal_other	0.6033101677894592	0.5142107605934143
GJC1	Stromal_other	0.8345581889152527	0.5108342170715332
FOXD3	Stromal_other	0.5285637974739075	0.5084834694862366
FAM210B	Stromal_other	1.023501992225647	0.5067787170410156
WDR86	Stromal_other	0.7298443913459778	0.5054709911346436
AIF1	Myeloid	3.081366539001465	2.921226978302002
MS4A6A	Myeloid	2.7597134113311768	2.7116124629974365
LYZ	Myeloid	3.2164082527160645	2.7066433429718018
LST1	Myeloid	2.9306392669677734	2.610265016555786
C1QA	Myeloid	2.4447169303894043	2.382875442504883
MS4A7	Myeloid	2.3479795455932617	2.282069206237793
C1QB	Myeloid	2.304919719696045	2.2434353828430176
C1QC	Myeloid	2.2468738555908203	2.190603256225586
CSTA	Myeloid	2.1673810482025146	2.1238834857940674
IGSF6	Myeloid	2.103381633758545	2.079941987991333
CPVL	Myeloid	2.2121191024780273	2.059053897857666
CLEC10A	Myeloid	2.038759469985962	2.007920265197754
MNDA	Myeloid	2.0481691360473633	1.9773403406143188
MPEG1	Myeloid	2.0404889583587646	1.9434517621994019
IL1B	Myeloid	2.0924277305603027	1.9354591369628906
SPI1	Myeloid	2.1378607749938965	1.864687204360962
IL8	Myeloid	1.9753193855285645	1.8438351154327393
DNASE1L3	Myeloid	1.964411735534668	1.82646906375885
TYROBP	Myeloid	3.06447172164917	1.7776949405670166
S100A9	Myeloid	1.8518184423446655	1.7705291509628296
FAM26F	Myeloid	1.9353232383728027	1.7032158374786377
CLEC7A	Myeloid	1.9614003896713257	1.6847509145736694
CSF1R	Myeloid	1.6039084196090698	1.5906789302825928
IFI30	Myeloid	1.7419214248657227	1.563511610031128
CXCL8	Myeloid	1.8717975616455078	1.4961587190628052
S100A8	Myeloid	1.5163055658340454	1.492901086807251
FCN1	Myeloid	1.5119071006774902	1.4924330711364746
HLA-DQA1	Myeloid	2.1188406944274902	1.490081787109375
RP11-1143G9.4	Myeloid	1.6355376243591309	1.4797518253326416
HCK	Myeloid	1.5233345031738281	1.4738776683807373
VSIG4	Myeloid	1.4695874452590942	1.4516186714172363
CLEC4A	Myeloid	1.4656670093536377	1.4255677461624146
CD163	Myeloid	1.437071681022644	1.4197707176208496
CD14	Myeloid	1.7147133350372314	1.4079747200012207
NCF2	Myeloid	1.449439525604248	1.406494140625
CFP	Myeloid	1.611603856086731	1.3992234468460083
FCGR2A	Myeloid	1.6572394371032715	1.3868141174316406
CSF2RA	Myeloid	1.4305577278137207	1.385586142539978
RNASE6	Myeloid	1.731593370437622	1.3708465099334717
CYBB	Myeloid	1.539508581161499	1.3509924411773682
C5AR1	Myeloid	1.3745973110198975	1.3401986360549927
HLA-DPB1	Myeloid	2.2935116291046143	1.3038480281829834
FPR3	Myeloid	1.3429715633392334	1.3028913736343384
MS4A4A	Myeloid	1.394651174545288	1.2875701189041138
SDS	Myeloid	1.2934882640838623	1.2741793394088745
CTSS	Myeloid	2.00229549407959	1.2670239210128784
PLA2G7	Myeloid	1.2795376777648926	1.2508578300476074
PILRA	Myeloid	1.2654571533203125	1.244709849357605
CD86	Myeloid	1.3934319019317627	1.2292039394378662
HLA-DQB1	Myeloid	1.8572558164596558	1.2277215719223022
HLA-DMB	Myeloid	1.6815898418426514	1.2234623432159424
RP11-290F20.3	Myeloid	1.1857879161834717	1.1728883981704712
HLA-DPA1	Myeloid	2.3144283294677734	1.162912130355835
LILRB2	Myeloid	1.1555851697921753	1.1390819549560547
CD209	Myeloid	1.1501743793487549	1.1352643966674805
HLA-DRA	Myeloid	2.403719425201416	1.1279678344726562
PLAUR	Myeloid	1.6524910926818848	1.1249732971191406
SLC40A1	Myeloid	1.5396642684936523	1.1129274368286133
PLEK	Myeloid	1.3153369426727295	1.1052055358886719
CXCL16	Myeloid	1.4783484935760498	1.1039677858352661
CSF3R	Myeloid	1.0993149280548096	1.0835285186767578
P2RY13	Myeloid	1.0795565843582153	1.0710104703903198
CCL3	Myeloid	1.3287413120269775	1.0558271408081055
S100A12	Myeloid	1.0544960498809814	1.0482443571090698
FGL2	Myeloid	2.2294673919677734	1.041451096534729
GPX1	Myeloid	2.270111083984375	1.0382531881332397
CLEC4E	Myeloid	1.0370804071426392	1.0160837173461914
SAT1	Myeloid	2.3131251335144043	1.0127931833267212
TNFSF13B	Myeloid	1.3662755489349365	1.0112218856811523
AMICA1	Myeloid	1.614990472793579	1.000915288925171
C1ORF162	Myeloid	1.6046621799468994	1.000373125076294
SLC31A2	Myeloid	1.1245681047439575	0.9796980619430542
CD68	Myeloid	1.4152076244354248	0.9745043516159058
SLAMF8	Myeloid	1.0025447607040405	0.9578966498374939
TYMP	Myeloid	1.757635235786438	0.9543640613555908
LILRB4	Myeloid	1.0240919589996338	0.9356178641319275
FCER1G	Myeloid	2.7573604583740234	0.9317684173583984
FGR	Myeloid	1.0865375995635986	0.9020474553108215
FCGR3A	Myeloid	1.030711054801941	0.8984765410423279
FPR1	Myeloid	0.929151713848114	0.8984134197235107
NAMPT	Myeloid	1.504544734954834	0.894042432308197
HLA-DRB5	Myeloid	1.8631917238235474	0.8909682035446167
RGS18	Myeloid	0.9642084240913391	0.8837578296661377
RNF144B	Myeloid	0.9469993114471436	0.8750041723251343
CTSZ	Myeloid	1.5716097354888916	0.8651780486106873
LILRA5	Myeloid	0.8736953139305115	0.8625385165214539
HLA-DQA2	Myeloid	1.216378092765808	0.8592382669448853
EREG	Myeloid	1.0097005367279053	0.8586200475692749
MRC1	Myeloid	0.9174286723136902	0.8567184805870056
VMO1	Myeloid	1.061019778251648	0.843087375164032
JAML	Myeloid	1.3368746042251587	0.8377010822296143
COTL1	Myeloid	1.708068609237671	0.83104008436203
CECR1	Myeloid	1.159236192703247	0.8307457566261292
LRRC25	Myeloid	0.9207676649093628	0.8259420394897461
HLA-DMA	Myeloid	1.797776699066162	0.8140473365783691
KYNU	Myeloid	0.9534403085708618	0.8097341060638428
CD1D	Myeloid	0.9441515803337097	0.7973239421844482
ITGAX	Myeloid	0.909814715385437	0.7947993278503418
MMP12	Myeloid	0.8226184844970703	0.7946822047233582
FTL	Myeloid	3.912182092666626	0.7935750484466553
LYN	Myeloid	1.0811784267425537	0.7905948162078857
MAFB	Myeloid	1.560340166091919	0.7868109941482544
RNF130	Myeloid	1.5401461124420166	0.785180926322937
PTPRE	Myeloid	1.3359178304672241	0.7846173048019409
SLC7A7	Myeloid	1.1266231536865234	0.7813061475753784
CD4	Myeloid	1.088481068611145	0.7684653997421265
DAPK1	Myeloid	0.9507961273193359	0.7621961832046509
MSR1	Myeloid	0.7782674431800842	0.7612468004226685
HLA-DQB2	Myeloid	0.9922695159912109	0.7600811719894409
NAIP	Myeloid	0.9484533667564392	0.7513940334320068
OGFRL1	Myeloid	0.9313350319862366	0.748966634273529
TLR2	Myeloid	0.7654061317443848	0.7483843564987183
LILRA3	Myeloid	0.7501847147941589	0.7476174235343933
CXCL2	Myeloid	1.3026511669158936	0.7421166300773621
CTSB	Myeloid	1.8841583728790283	0.7409214973449707
AOAH	Myeloid	0.9482114315032959	0.7389129996299744
CD1E	Myeloid	0.7499111890792847	0.7377586364746094
SNX10	Myeloid	0.9513026475906372	0.7365061640739441
ITGB2	Myeloid	1.3084321022033691	0.7345693111419678
STAB1	Myeloid	1.4197707176208496	0.7277563214302063
ATP6V1B2	Myeloid	1.025808572769165	0.716861367225647
G0S2	Myeloid	1.1438679695129395	0.710802435874939
CCR1	Myeloid	0.7534582018852234	0.7107853293418884
PLD4	Myeloid	0.8480104804039001	0.7076632976531982
NLRP3	Myeloid	0.8587520122528076	0.7074224948883057
CACNA2D3	Myeloid	0.7366845607757568	0.7036420106887817
FCGR1A	Myeloid	0.7118977904319763	0.7012197375297546
ADORA3	Myeloid	0.8172006607055664	0.6941383481025696
TNFAIP8L2	Myeloid	0.7989630699157715	0.6882126331329346
TREM1	Myeloid	0.7794620990753174	0.6803625226020813
EMILIN2	Myeloid	0.8286073207855225	0.6739462614059448
CST3	Myeloid	2.5056800842285156	0.6686787605285645
LY86	Myeloid	1.0627057552337646	0.6594088077545166
SLC8A1	Myeloid	1.065666913986206	0.6556320190429688
CD300A	Myeloid	0.9608142971992493	0.6522108316421509
NUP214	Myeloid	0.8730981349945068	0.6489592790603638
ARRB2	Myeloid	1.0634000301361084	0.6474919319152832
OLR1	Myeloid	0.6674724817276001	0.647382915019989
FAM49A	Myeloid	0.9329123497009277	0.6453179121017456
TFEC	Myeloid	0.7084935903549194	0.6419237852096558
SLC11A1	Myeloid	0.7281879782676697	0.6417522430419922
F13A1	Myeloid	0.7090475559234619	0.6403542160987854
SCIMP	Myeloid	0.8470179438591003	0.6387425661087036
TBXAS1	Myeloid	1.0106632709503174	0.6377393007278442
FOLR2	Myeloid	0.7122914791107178	0.6368591785430908
SLCO2B1	Myeloid	0.949988842010498	0.6335936188697815
GCA	Myeloid	0.9397579431533813	0.6249858736991882
CCL3L1	Myeloid	0.657952070236206	0.6240808963775635
LCP1	Myeloid	1.2613723278045654	0.6187412738800049
ACP5	Myeloid	1.1817502975463867	0.616686224937439
HLA-DOA	Myeloid	0.8208503723144531	0.6158235669136047
RETN	Myeloid	0.6223122477531433	0.6157885789871216
MFSD1	Myeloid	1.0176997184753418	0.6119809746742249
LILRB3	Myeloid	0.6456089019775391	0.6093635559082031
IL1RN	Myeloid	0.7555731534957886	0.6079392433166504
GM2A	Myeloid	0.8113794326782227	0.6043931841850281
CLEC12A	Myeloid	1.0610063076019287	0.5970121622085571
ADAP2	Myeloid	1.090020775794983	0.5928633809089661
MMP9	Myeloid	0.7224137783050537	0.5857173204421997
RN7SL368P	Myeloid	0.6632168292999268	0.5852716565132141
CD1C	Myeloid	0.7633057832717896	0.5819078683853149
LINC01272	Myeloid	0.5990123152732849	0.5815915465354919
FGD2	Myeloid	0.7901861667633057	0.5815372467041016
HMOX1	Myeloid	0.8555876016616821	0.5755593776702881
HLA-DRB1	Myeloid	2.2384116649627686	0.5741136074066162
PRAM1	Myeloid	0.6511621475219727	0.5729233622550964
PHACTR1	Myeloid	1.024310827255249	0.5710207223892212
GRN	Myeloid	1.694284200668335	0.5684571266174316
LILRB5	Myeloid	0.5719420909881592	0.5626828074455261
SIGLEC1	Myeloid	0.5684714317321777	0.5621694922447205
NINJ1	Myeloid	1.0740714073181152	0.5595428943634033
TNFAIP2	Myeloid	1.1298809051513672	0.5581405162811279
RAB20	Myeloid	0.9964467287063599	0.5543315410614014
TTYH3	Myeloid	0.8445589542388916	0.5474659204483032
ADRBK2	Myeloid	0.6679089069366455	0.5459952354431152
LINC00936	Myeloid	0.8269104957580566	0.5457797050476074
SIRPA	Myeloid	0.9164115786552429	0.5442385673522949
TPP1	Myeloid	1.0583925247192383	0.5423047542572021
THEMIS2	Myeloid	0.956863284111023	0.5420233607292175
PIK3AP1	Myeloid	0.7053567171096802	0.5396144986152649
BCL2A1	Myeloid	1.035768985748291	0.5225878953933716
OSM	Myeloid	0.5484294891357422	0.3884313106536865
CXCL10	Myeloid	0.4620141386985779	0.32475078105926514
AQP9	Myeloid	0.30766671895980835	0.3024045526981354
CXCL3	Myeloid	0.8294597864151001	0.27544641494750977
TNF	Myeloid	0.41374868154525757	0.11306107044219971
PROK2	Myeloid	0.07152319699525833	0.02747192606329918
CXCR2	Myeloid	0.02687218226492405	0.014766623266041279
MPO	Myeloid	0.013850158080458641	0.011842126026749611
FCGR3B	Myeloid	0.01136972475796938	0.006586602423340082
TPSAB1	Mast	7.117776393890381	7.071512222290039
TPSB2	Mast	6.807812690734863	6.783437252044678
CPA3	Mast	5.162629127502441	5.127854824066162
HPGDS	Mast	4.1855878829956055	4.152853965759277
KIT	Mast	4.17560338973999	4.027174949645996
CTSG	Mast	3.8651041984558105	3.851259708404541
VWA5A	Mast	3.0964255332946777	2.7679944038391113
C1ORF186	Mast	2.7863807678222656	2.584953784942627
KRT1	Mast	2.4012091159820557	2.390531063079834
LTC4S	Mast	2.816509485244751	2.3470637798309326
MS4A2	Mast	2.354966878890991	2.343494176864624
RGS13	Mast	2.3821310997009277	2.2574994564056396
RP11-354E11.2	Mast	2.26558780670166	2.24554181098938
SLC18A2	Mast	2.239288568496704	2.2306156158447266
GATA2	Mast	2.978332042694092	2.2120676040649414
IL1RL1	Mast	2.1930978298187256	2.0751616954803467
HDC	Mast	2.024486541748047	2.0114188194274902
CMA1	Mast	1.629640817642212	1.6148608922958374
MAOB	Mast	1.9286131858825684	1.5150516033172607
ADCYAP1	Mast	1.321675181388855	1.3157591819763184
HPGD	Mast	2.0802783966064453	1.31007981300354
CTD-3203P2.2	Mast	1.2973828315734863	1.2491763830184937
AC020571.3	Mast	1.6215556859970093	1.2297403812408447
AC004791.2	Mast	1.1438379287719727	1.1410452127456665
IL1RAPL1	Mast	1.061279058456421	0.9913835525512695
RAB27B	Mast	1.1940187215805054	0.9680054187774658
CADPS	Mast	1.0336551666259766	0.9601028561592102
ALOX5AP	Mast	1.7546840906143188	0.945935845375061
SLC45A3	Mast	1.078672170639038	0.9445589780807495
NFKBIA	Mast	2.106684684753418	0.9070093631744385
CAPG	Mast	1.6840429306030273	0.9000200033187866
ADRB2	Mast	1.3240842819213867	0.8736222386360168
SVOPL	Mast	0.8761290311813354	0.860990583896637
FLJ21408	Mast	0.9647762775421143	0.8548581004142761
SAMSN1	Mast	1.6067755222320557	0.850749135017395
FCER1A	Mast	1.9191689491271973	0.8405098915100098
MIR24-2	Mast	1.5861153602600098	0.8046532273292542
GCSAML	Mast	0.7970004081726074	0.7917448878288269
LEO1	Mast	1.074033498764038	0.7839529514312744
DUSP10	Mast	1.021607756614685	0.7203432321548462
GPR65	Mast	1.3639414310455322	0.7045068740844727
GALC	Mast	0.9215594530105591	0.6828511953353882
XXBAC-BPG13B8.10	Mast	0.6574337482452393	0.6551889181137085
CPM	Mast	1.3196569681167603	0.6483812928199768
GLUL	Mast	2.127606153488159	0.6330525875091553
TPSD1	Mast	0.6066835522651672	0.6037735939025879
SMYD3	Mast	0.9267297983169556	0.5905746221542358
UTS2	Mast	0.6460928916931152	0.5672464966773987
PLIN2	Mast	1.372939109802246	0.560599684715271
CLNK	Mast	0.7214237451553345	0.5599280595779419
ANXA1	Mast	2.0584206581115723	0.5525557994842529
NFKBIZ	Mast	1.2736947536468506	0.5472776889801025
STX3	Mast	1.045470952987671	0.5402328968048096
MITF	Mast	1.0866632461547852	0.5369664430618286
CTD-3252C9.4	Mast	1.1214807033538818	0.5327334403991699
ACSL4	Mast	1.0700757503509521	0.5211145281791687
BTK	Mast	0.9026613235473633	0.5162060260772705
BIRC3	Mast	1.261059284210205	0.5161722898483276
RENBP	Mast	1.1041407585144043	0.5090911388397217
AJ271736.10	Mast	0.7613065838813782	0.5049127340316772
RP11-620J15.3	Mast	0.7855749726295471	0.49509334564208984
GMPR	Mast	0.8082044124603271	0.49065446853637695
LMNA	Mast	1.9829386472702026	0.4741382598876953
PTGS1	Mast	0.9349814653396606	0.4632304906845093
GALNT6	Mast	0.6631402969360352	0.44317343831062317
CD44	Mast	1.2679193019866943	0.4344601035118103
CTNNBL1	Mast	0.8361425399780273	0.42305541038513184
PPP1R15A	Mast	1.5326451063156128	0.42129480838775635
HS3ST1	Mast	0.9249541163444519	0.4116544723510742
ATP6V0A2	Mast	0.6159522533416748	0.4032028317451477
CALB2	Mast	0.41236209869384766	0.3959232568740845
CDK15	Mast	0.4026811420917511	0.3923000991344452
CD69	Mast	1.7704901695251465	0.3891071081161499
RP11-501J20.5	Mast	0.3869737982749939	0.384721577167511
LIF	Mast	0.5429524183273315	0.38303709030151367
IL13	Mast	0.384013295173645	0.37951046228408813
CTTNBP2	Mast	0.7028672695159912	0.3779502511024475
SMIM1	Mast	0.6003797054290771	0.37111595273017883
MAPK6	Mast	0.8035962581634521	0.3600527048110962
ANKRD28	Mast	1.1587715148925781	0.3566160202026367
TIAM2	Mast	0.5025601387023926	0.35203731060028076
ALOX5	Mast	0.8833256959915161	0.34816277027130127
ARHGEF6	Mast	0.6975432634353638	0.345020592212677
LMO4	Mast	1.05206298828125	0.34048861265182495
STMN1	Mast	1.2455530166625977	0.33320045471191406
SRGN	Mast	2.251694679260254	0.3327091932296753
SKIL	Mast	0.7913491725921631	0.3323515057563782
FOSB	Mast	1.6615445613861084	0.321433424949646
AE000661.37	Mast	0.33776092529296875	0.317432165145874
FER	Mast	0.6277942657470703	0.31685692071914673
ELL2	Mast	0.7554466128349304	0.30381155014038086
TESPA1	Mast	0.657595157623291	0.29559773206710815
RPS6KA5	Mast	0.6109917163848877	0.28606027364730835
TWISTNB	Mast	0.7510629892349243	0.279417484998703
NSMCE1	Mast	0.8320443630218506	0.27879875898361206
CATSPER1	Mast	0.5767350196838379	0.27471280097961426
IL18R1	Mast	0.5139743089675903	0.25851428508758545
METTL21A	Mast	0.5654309391975403	0.2574397325515747
IL4R	Mast	0.5881519913673401	0.25329363346099854
SLC26A2	Mast	0.9437381625175476	0.25161653757095337
MAML1	Mast	0.5631065964698792	0.2501550018787384
TMEM154	Mast	0.5165062546730042	0.24196061491966248
BMP2K	Mast	0.6769806742668152	0.24169695377349854
BEX4	Mast	0.9220391511917114	0.23817425966262817
PVALB	Mast	0.2564656734466553	0.22272980213165283
NTRK1	Mast	0.23119157552719116	0.22152179479599
ELF1	Mast	0.9921296238899231	0.2176288366317749
RAB37	Mast	0.42104846239089966	0.20890355110168457
PLEKHF2	Mast	0.48520293831825256	0.20889213681221008
LMOD3	Mast	0.3467990756034851	0.20695015788078308
BHLHE40	Mast	0.983048141002655	0.20573914051055908
GRAP2	Mast	0.7019680738449097	0.20300504565238953
TNFRSF9	Mast	0.42582613229751587	0.20261625945568085
TNIK	Mast	0.48510634899139404	0.1993764042854309
RGS1	Mast	1.5566779375076294	0.19883060455322266
METTL15	Mast	0.5050490498542786	0.19491979479789734
KLRG1	Mast	0.6355134844779968	0.19346606731414795
LINC00694	Mast	0.2772506773471832	0.19316750764846802
SIGLEC8	Mast	0.24637185037136078	0.18826788663864136
ZSWIM4	Mast	0.43508726358413696	0.18712081015110016
GATA1	Mast	0.19441808760166168	0.18600432574748993
ACOT7	Mast	1.0418158769607544	0.18479138612747192
ARHGAP18	Mast	0.9772032499313354	0.18431448936462402
RP11-557H15.4	Mast	0.30356138944625854	0.18245261907577515
RHBDD2	Mast	0.6370201110839844	0.17958399653434753
AREG	Mast	1.0237644910812378	0.17885732650756836
PTPLA	Mast	0.2922201156616211	0.17441141605377197
KCNN1	Mast	0.2702915072441101	0.17368681728839874
FDX1	Mast	0.7949134111404419	0.1727544069290161
SETD5-AS1	Mast	0.9737290143966675	0.17227834463119507
DHRS9	Mast	0.45902442932128906	0.16851526498794556
LAT2	Mast	0.6961978673934937	0.16377365589141846
LAX1	Mast	0.4463350176811218	0.15938135981559753
GNPTAB	Mast	0.49388232827186584	0.1578567922115326
HSPH1	Mast	0.6653317809104919	0.15433627367019653
MALAT1	Mast	5.041039943695068	0.15117692947387695
NMT2	Mast	0.4288276433944702	0.14701667428016663
CKLF	Mast	0.9587308168411255	0.1448073387145996
RP11-76E17.3	Mast	0.4179515838623047	0.14472824335098267
CD82	Mast	0.5713937282562256	0.14364343881607056
MIR202HG	Mast	0.14814814925193787	0.1429748386144638
C1ORF228	Mast	0.3892347812652588	0.14152619242668152
RP11-182L21.5	Mast	0.2860311269760132	0.14114008843898773
AC022182.3	Mast	0.22616979479789734	0.14011971652507782
C21ORF91	Mast	0.37925976514816284	0.13885380327701569
PIK3R6	Mast	0.25445395708084106	0.13419052958488464
TDRD3	Mast	0.4328951835632324	0.1335916519165039
UBBP4	Mast	0.5346462726593018	0.13325995206832886
PRKX	Mast	0.450896292924881	0.13155469298362732
LINC00299	Mast	0.32806843519210815	0.13087083399295807
KIAA1549	Mast	0.22784453630447388	0.1299709528684616
LGALS12	Mast	0.14655809104442596	0.12756071984767914
ITGA2B	Mast	0.17104153335094452	0.12582340836524963
RPL36AL	Mast	1.7468525171279907	0.12542998790740967
MAPRE1	Mast	0.6790273189544678	0.1253824234008789
KCNH2	Mast	0.23001441359519958	0.1253805011510849
RP11-542K23.7	Mast	0.14784947037696838	0.12313248217105865
DENND1B	Mast	0.4298548996448517	0.12242504954338074
DDX26B	Mast	0.23256702721118927	0.12043024599552155
B4GALT5	Mast	0.513556182384491	0.1202305257320404
KDM6B	Mast	0.809600830078125	0.11995154619216919
ATXN1	Mast	0.42233800888061523	0.11688351631164551
MYADM	Mast	0.935303807258606	0.11660873889923096
RP11-347P5.1	Mast	0.7162870168685913	0.1150825023651123
VIM-AS1	Mast	0.3610057234764099	0.11421802639961243
FAM46A	Mast	0.9913767576217651	0.11124730110168457
TIPARP	Mast	0.688522219657898	0.11099886894226074
CTD-2583P5.3	Mast	0.13085073232650757	0.10816774517297745
AMHR2	Mast	0.1077025830745697	0.10628172755241394
PRG2	Mast	0.1111111119389534	0.10593780875205994
EDARADD	Mast	0.21741580963134766	0.1058790534734726
TTPAL	Mast	0.3527728319168091	0.1057824194431305
STXBP6	Mast	1.060448169708252	0.10519987344741821
P2RX1	Mast	0.6873787641525269	0.10420012474060059
CD84	Mast	0.6651724576950073	0.10412180423736572
DDX3Y	Mast	0.41435545682907104	0.10386201739311218
MS4A3	Mast	0.1054975837469101	0.10327205061912537
DUSP6	Mast	1.3403666019439697	0.10164892673492432
ALS2	Mast	0.3568112254142761	0.10143744945526123
NDST2	Mast	0.18949225544929504	0.09958677738904953
DCN	Fibroblast	4.2093377113342285	4.018826961517334
LUM	Fibroblast	4.198251724243164	4.001225471496582
FBLN1	Fibroblast	3.8884358406066895	3.5476834774017334
MFAP4	Fibroblast	3.6606831550598145	3.5014142990112305
CXCL14	Fibroblast	3.5732884407043457	3.2468619346618652
MMP2	Fibroblast	3.615938186645508	3.1081833839416504
ADAMDEC1	Fibroblast	3.4119420051574707	3.067984104156494
C1S	Fibroblast	4.213087558746338	2.862032890319824
EMILIN1	Fibroblast	3.1442103385925293	2.753446102142334
COL3A1	Fibroblast	4.36222505569458	2.7530150413513184
APOE	Fibroblast	3.35783052444458	2.633148193359375
SERPINF1	Fibroblast	3.042483329772949	2.6266777515411377
COL6A2	Fibroblast	3.9094676971435547	2.6083779335021973
TCF21	Fibroblast	2.968780040740967	2.574239492416382
CFD	Fibroblast	3.2213103771209717	2.4882798194885254
C1R	Fibroblast	3.9094185829162598	2.4453954696655273
EDIL3	Fibroblast	2.556467056274414	2.3812389373779297
IGFBP5	Fibroblast	2.748143434524536	2.374396800994873
PDGFRA	Fibroblast	2.427497386932373	2.3728320598602295
PCOLCE	Fibroblast	3.017458915710449	2.3178365230560303
COL6A3	Fibroblast	3.2098231315612793	2.3090929985046387
CTSK	Fibroblast	2.8159124851226807	2.2612972259521484
RARRES2	Fibroblast	3.8399009704589844	2.2545509338378906
CCL11	Fibroblast	2.3353381156921387	2.2517855167388916
ADH1B	Fibroblast	2.268965482711792	2.18599796295166
FN1	Fibroblast	2.781708240509033	2.1823906898498535
COL1A2	Fibroblast	4.485580921173096	2.125924587249756
COL6A1	Fibroblast	3.4380550384521484	2.0996243953704834
CFH	Fibroblast	2.934964179992676	2.0477867126464844
HAPLN1	Fibroblast	2.0659608840942383	2.037896156311035
TPM2	Fibroblast	3.4706380367279053	2.0072426795959473
PTGDS	Fibroblast	2.5539073944091797	1.9773186445236206
CLEC11A	Fibroblast	2.533834218978882	1.8481330871582031
COL1A1	Fibroblast	3.87526535987854	1.8472099304199219
CALD1	Fibroblast	3.931654214859009	1.8281254768371582
CCDC80	Fibroblast	2.171013832092285	1.796871542930603
LINC01082	Fibroblast	1.9776519536972046	1.7573449611663818
ADGRL3	Fibroblast	1.827048659324646	1.7541770935058594
MXRA5	Fibroblast	2.0110726356506348	1.7363603115081787
ABCA8	Fibroblast	2.5099499225616455	1.7133246660232544
CDH11	Fibroblast	1.8953864574432373	1.694353461265564
EFEMP1	Fibroblast	2.1951868534088135	1.6918946504592896
CRISPLD2	Fibroblast	2.462088108062744	1.6886019706726074
MEG3	Fibroblast	2.7889461517333984	1.6742240190505981
BMP4	Fibroblast	1.8228890895843506	1.6626955270767212
PTN	Fibroblast	2.387688159942627	1.6612212657928467
CXCL1	Fibroblast	1.9377238750457764	1.6350114345550537
FGF7	Fibroblast	1.7565712928771973	1.6335270404815674
CTC-276P9.1	Fibroblast	1.6614139080047607	1.6327641010284424
STMN2	Fibroblast	1.6856203079223633	1.629750370979309
VCAM1	Fibroblast	1.9188978672027588	1.6282731294631958
VCAN	Fibroblast	2.4353559017181396	1.6216517686843872
CYGB	Fibroblast	2.471301317214966	1.6113827228546143
CCL8	Fibroblast	1.8389320373535156	1.5997275114059448
TMEM119	Fibroblast	1.6452462673187256	1.599360466003418
COL12A1	Fibroblast	2.1087985038757324	1.5919902324676514
BMP5	Fibroblast	1.6210353374481201	1.5779372453689575
RBP1	Fibroblast	2.5695862770080566	1.5540729761123657
SCARA5	Fibroblast	1.585246205329895	1.5509830713272095
SNAI2	Fibroblast	2.034249782562256	1.5325901508331299
CLMP	Fibroblast	1.5445060729980469	1.526855230331421
PPP1R14A	Fibroblast	2.3711509704589844	1.5196547508239746
CCL13	Fibroblast	1.589113712310791	1.5172395706176758
COL5A1	Fibroblast	2.559394359588623	1.5127652883529663
QSOX1	Fibroblast	2.0232651233673096	1.5064492225646973
CXCL12	Fibroblast	2.7780885696411133	1.4989423751831055
C3	Fibroblast	1.5469439029693604	1.4967154264450073
AEBP1	Fibroblast	2.6072793006896973	1.4950001239776611
GGT5	Fibroblast	2.3794732093811035	1.4932682514190674
NID1	Fibroblast	2.1814961433410645	1.47314453125
PTCH1	Fibroblast	1.6635724306106567	1.4605196714401245
DPT	Fibroblast	1.4560651779174805	1.4383900165557861
LOXL1	Fibroblast	1.6526622772216797	1.4268908500671387
FHL1	Fibroblast	2.4916205406188965	1.4256421327590942
PCDH7	Fibroblast	1.5712764263153076	1.4224151372909546
DDR2	Fibroblast	2.190603256225586	1.4180753231048584
NEXN	Fibroblast	1.9557151794433594	1.4167444705963135
EFEMP2	Fibroblast	2.456399917602539	1.414928913116455
NUPR1	Fibroblast	2.230875253677368	1.4032175540924072
NOVA1	Fibroblast	1.5587902069091797	1.3801946640014648
LRP1	Fibroblast	1.8377981185913086	1.3780509233474731
PROCR	Fibroblast	1.995322823524475	1.3610745668411255
PCDH18	Fibroblast	1.7797412872314453	1.3555071353912354
PLTP	Fibroblast	1.94341242313385	1.3502601385116577
FILIP1L	Fibroblast	2.19340181350708	1.344473123550415
SFTA1P	Fibroblast	1.3708250522613525	1.3392753601074219
SOD3	Fibroblast	2.585296154022217	1.3375279903411865
GPC6	Fibroblast	1.5668737888336182	1.3368972539901733
ALDH1A3	Fibroblast	1.640514850616455	1.3357266187667847
PALLD	Fibroblast	1.7147425413131714	1.3319367170333862
CXCL6	Fibroblast	1.3622114658355713	1.326872706413269
MMP14	Fibroblast	1.8598506450653076	1.3173465728759766
PLAC9	Fibroblast	2.4390814304351807	1.3156068325042725
FENDRR	Fibroblast	1.500524640083313	1.3115293979644775
MMP23B	Fibroblast	1.357245683670044	1.3037396669387817
TIMP2	Fibroblast	2.2840442657470703	1.2959163188934326
FBN1	Fibroblast	2.026045560836792	1.2929116487503052
POSTN	Fibroblast	2.004204273223877	1.2812485694885254
FOXF1	Fibroblast	1.8141143321990967	1.2793198823928833
CHI3L1	Fibroblast	1.3255696296691895	1.2724064588546753
ABCA6	Fibroblast	1.4531925916671753	1.2628371715545654
DMKN	Fibroblast	1.3614072799682617	1.2569684982299805
HTRA3	Fibroblast	1.496034860610962	1.254798173904419
WFDC1	Fibroblast	1.5363812446594238	1.2536084651947021
EDNRB	Fibroblast	1.8929314613342285	1.2475483417510986
IGFBP6	Fibroblast	2.383378505706787	1.2342184782028198
SERPINE2	Fibroblast	1.7978349924087524	1.2289148569107056
MRC2	Fibroblast	1.3615636825561523	1.217574954032898
C2	Fibroblast	1.5915459394454956	1.2017464637756348
WNT2B	Fibroblast	1.3514761924743652	1.1923744678497314
NBL1	Fibroblast	2.325946092605591	1.1920249462127686
ANTXR1	Fibroblast	1.7522366046905518	1.1763346195220947
LAMA4	Fibroblast	2.5540761947631836	1.1744487285614014
SULF1	Fibroblast	1.4263393878936768	1.147051453590393
LTBP4	Fibroblast	2.632312059402466	1.1444634199142456
FKBP10	Fibroblast	2.030850410461426	1.1430951356887817
RP11-14N7.2	Fibroblast	1.714975118637085	1.1423053741455078
ITIH5	Fibroblast	1.788447380065918	1.140812635421753
PLEKHH2	Fibroblast	1.5518475770950317	1.1374436616897583
EMID1	Fibroblast	1.2672741413116455	1.1310673952102661
TAGLN	Fibroblast	2.651411294937134	1.1220427751541138
ISLR	Fibroblast	1.8352478742599487	1.1216347217559814
OLFML3	Fibroblast	2.1171422004699707	1.1208680868148804
ANGPTL1	Fibroblast	1.4541223049163818	1.114095687866211
COL5A2	Fibroblast	2.6175031661987305	1.1063061952590942
MFAP2	Fibroblast	1.2680790424346924	1.0969343185424805
RCN3	Fibroblast	1.5884137153625488	1.0882747173309326
RHOBTB3	Fibroblast	1.6831650733947754	1.0817159414291382
MYLK	Fibroblast	1.9862165451049805	1.0752894878387451
PITX1	Fibroblast	1.2477922439575195	1.0746042728424072
CPXM1	Fibroblast	1.194406509399414	1.0615261793136597
LAMB1	Fibroblast	2.07700252532959	1.0388188362121582
CARMN	Fibroblast	1.1853386163711548	1.0320217609405518
COL14A1	Fibroblast	2.011885166168213	1.0225600004196167
GLT8D2	Fibroblast	1.6088075637817383	1.0149612426757812
RND3	Fibroblast	1.8516099452972412	1.0117101669311523
SDC2	Fibroblast	2.301530361175537	0.9968869686126709
PBX1	Fibroblast	1.590692162513733	0.9916274547576904
FOXF2	Fibroblast	1.244222640991211	0.9899460077285767
PDPN	Fibroblast	1.9200303554534912	0.9733274579048157
F3	Fibroblast	1.4412450790405273	0.9722763895988464
PTK7	Fibroblast	1.183758020401001	0.9677528142929077
TNC	Fibroblast	1.7190001010894775	0.9627533555030823
CERCAM	Fibroblast	1.3696553707122803	0.9554024934768677
PDLIM3	Fibroblast	1.7911696434020996	0.948017954826355
PLAU	Fibroblast	1.6902153491973877	0.9470338225364685
GSTM5	Fibroblast	0.9924811720848083	0.9139751195907593
TFPI	Fibroblast	2.223320245742798	0.9115496873855591
PRR16	Fibroblast	1.143676519393921	0.9027150869369507
C11ORF96	Fibroblast	2.1409783363342285	0.9007991552352905
SVEP1	Fibroblast	0.9776636958122253	0.8991940021514893
FSTL1	Fibroblast	2.7798452377319336	0.892917275428772
NNMT	Fibroblast	2.913358211517334	0.8791232109069824
TRIL	Fibroblast	0.9642285108566284	0.8778912425041199
APOD	Fibroblast	1.3249058723449707	0.876071035861969
NR2F1	Fibroblast	1.2737007141113281	0.8757638335227966
SGCD	Fibroblast	1.0179002285003662	0.8744059801101685
FNDC1	Fibroblast	0.9221324920654297	0.8683600425720215
TFPI2	Fibroblast	0.9560912847518921	0.8665711879730225
C7	Fibroblast	1.276808500289917	0.8619529008865356
THY1	Fibroblast	2.4178075790405273	0.8564637899398804
ADAM28	Fibroblast	1.2573474645614624	0.8561331033706665
BICC1	Fibroblast	0.9537652730941772	0.8560056686401367
LPHN3	Fibroblast	1.2128825187683105	0.8504645824432373
TRPA1	Fibroblast	0.932538628578186	0.8349535465240479
CTSC	Fibroblast	2.0131824016571045	0.8330521583557129
FHL2	Fibroblast	1.753440022468567	0.8299866914749146
SAMD11	Fibroblast	1.0264108180999756	0.827620267868042
C16ORF89	Fibroblast	0.8848817348480225	0.8255172967910767
THBS2	Fibroblast	0.8992727994918823	0.8189451694488525
ACTG2	Fibroblast	1.003962755203247	0.8023171424865723
AKAP12	Fibroblast	1.529942512512207	0.7942516803741455
SPON2	Fibroblast	1.765946388244629	0.7889674305915833
ST5	Fibroblast	1.5259418487548828	0.7871872186660767
ANGPTL2	Fibroblast	1.4956159591674805	0.7851998805999756
RAB34	Fibroblast	1.7657341957092285	0.7840520143508911
FAM150B	Fibroblast	0.836272656917572	0.7801602482795715
MAPK10	Fibroblast	0.8602294921875	0.7763886451721191
SFRP2	Fibroblast	0.7897769808769226	0.7737599015235901
SPON1	Fibroblast	1.0451093912124634	0.7736755609512329
MMP1	Fibroblast	0.7606735825538635	0.6404008269309998
MMP3	Fibroblast	0.6105486750602722	0.5429494380950928
ELANE	Fibroblast	0.49592626094818115	0.48724812269210815
IL11	Fibroblast	0.2964363098144531	0.2804192304611206
IL13RA2	Fibroblast	0.2054452896118164	0.12761721014976501
FAP	Fibroblast	0.681247889995575	0.11452484130859375
IL24	Fibroblast	0.12990763783454895	0.11389055103063583
OSMR	Fibroblast	0.8844151496887207	0.02922070026397705
MMP10	Fibroblast	0.11657200753688812	0.025934532284736633
MMP8	Fibroblast	0.0200803205370903	0.014134133234620094
LGALS4	Epithelial	2.7405154705047607	2.6773548126220703
PHGR1	Epithelial	2.760511875152588	2.6705410480499268
EPCAM	Epithelial	2.7213597297668457	2.6694159507751465
KRT8	Epithelial	2.7804207801818848	2.62266206741333
SMIM24	Epithelial	2.6260106563568115	2.593435287475586
TSPAN8	Epithelial	2.5543248653411865	2.512397050857544
CLDN3	Epithelial	2.5235791206359863	2.466442823410034
PIGR	Epithelial	2.52488112449646	2.4449386596679688
KRT19	Epithelial	2.545877456665039	2.417088508605957
SMIM22	Epithelial	2.3983166217803955	2.36299204826355
ELF3	Epithelial	2.3751614093780518	2.334967851638794
KRT18	Epithelial	2.621842861175537	2.3140769004821777
CLDN7	Epithelial	2.3395655155181885	2.2807278633117676
CLDN4	Epithelial	2.305199146270752	2.258166790008545
S100A14	Epithelial	2.279268264770508	2.2550365924835205
SPINK1	Epithelial	2.2859854698181152	2.222632646560669
AGR2	Epithelial	2.284524440765381	2.207406997680664
FABP1	Epithelial	2.251678466796875	2.2016072273254395
AGR3	Epithelial	2.1982076168060303	2.174821615219116
APOA4	Epithelial	2.0320756435394287	1.9823064804077148
FABP2	Epithelial	2.0059781074523926	1.9794440269470215
MTTP	Epithelial	1.9775099754333496	1.9680978059768677
FAM3D	Epithelial	2.0488972663879395	1.9424506425857544
KRT20	Epithelial	1.95607590675354	1.9368568658828735
GPX2	Epithelial	1.942319393157959	1.8976037502288818
FLJ22763	Epithelial	1.8995310068130493	1.8869943618774414
PCK1	Epithelial	1.8946492671966553	1.8748949766159058
AMN	Epithelial	1.9374923706054688	1.8680336475372314
PRSS3	Epithelial	1.9577295780181885	1.8597497940063477
CES2	Epithelial	1.9714584350585938	1.8442535400390625
FXYD3	Epithelial	2.1477229595184326	1.8368803262710571
C15ORF48	Epithelial	2.3977646827697754	1.8284999132156372
UGT2B17	Epithelial	1.8387683629989624	1.814770221710205
MISP	Epithelial	1.8252944946289062	1.8103480339050293
MT1G	Epithelial	2.0267391204833984	1.8085922002792358
PRAP1	Epithelial	1.8215241432189941	1.797426462173462
C19ORF33	Epithelial	1.885705590248108	1.7866761684417725
CDX1	Epithelial	1.799155592918396	1.7771785259246826
KLF5	Epithelial	1.8303486108779907	1.7715245485305786
TMEM54	Epithelial	2.001120090484619	1.7692159414291382
ADH1C	Epithelial	1.8435138463974	1.7597483396530151
VIL1	Epithelial	1.7624026536941528	1.7428364753723145
MGST1	Epithelial	1.9840106964111328	1.7418192625045776
APOC3	Epithelial	1.7394087314605713	1.7164928913116455
ABHD11-AS1	Epithelial	1.7563512325286865	1.7003597021102905
CDHR5	Epithelial	1.7105748653411865	1.6975922584533691
TSPAN1	Epithelial	1.7323040962219238	1.6905320882797241
MUC13	Epithelial	1.6932508945465088	1.6727889776229858
APOB	Epithelial	1.6714417934417725	1.6647906303405762
SFN	Epithelial	1.6702475547790527	1.6552995443344116
CDH17	Epithelial	1.7598116397857666	1.6467773914337158
RAB25	Epithelial	1.6314407587051392	1.6168650388717651
GUCA2A	Epithelial	1.6408878564834595	1.6088944673538208
OLFM4	Epithelial	1.676589846611023	1.59266996383667
LINC01133	Epithelial	1.8318501710891724	1.5891401767730713
PPP1R1B	Epithelial	1.661207914352417	1.5864735841751099
AKR7A3	Epithelial	1.593758225440979	1.5688073635101318
PPP1R14D	Epithelial	1.5774428844451904	1.56807279586792
TMC5	Epithelial	1.5873574018478394	1.567337155342102
MAOA	Epithelial	1.7535005807876587	1.563995599746704
GSTA1	Epithelial	1.5654375553131104	1.5531638860702515
LINC01207	Epithelial	1.589318037033081	1.525290846824646
SLC44A4	Epithelial	1.6174136400222778	1.5250499248504639
SLC39A5	Epithelial	1.522537350654602	1.513065218925476
ALDOB	Epithelial	1.5598198175430298	1.5092685222625732
AOC1	Epithelial	1.5507721900939941	1.508192777633667
PRSS8	Epithelial	1.5073761940002441	1.4946765899658203
CYP3A5	Epithelial	1.5547133684158325	1.4869558811187744
ANPEP	Epithelial	1.6722238063812256	1.4862020015716553
CDX2	Epithelial	1.4908554553985596	1.4807487726211548
CHP2	Epithelial	1.4860680103302002	1.4806597232818604
CDH1	Epithelial	1.4865643978118896	1.4644769430160522
USH1C	Epithelial	1.4685431718826294	1.4572536945343018
LIPH	Epithelial	1.4663090705871582	1.4525781869888306
REG1A	Epithelial	1.5714185237884521	1.451694130897522
DHRS11	Epithelial	1.526829481124878	1.4403207302093506
FAM3B	Epithelial	1.483445405960083	1.439802885055542
MYH14	Epithelial	1.4762187004089355	1.4299837350845337
STAP2	Epithelial	1.537793755531311	1.4208958148956299
AP1M2	Epithelial	1.4348262548446655	1.4183275699615479
AKR1B10	Epithelial	1.426048994064331	1.4180749654769897
KRTCAP3	Epithelial	1.4577288627624512	1.4176133871078491
HSD11B2	Epithelial	1.4579393863677979	1.4127751588821411
SERINC2	Epithelial	1.5167160034179688	1.408560037612915
RP11-357H14.17	Epithelial	1.4321560859680176	1.4065557718276978
PLS1	Epithelial	1.4229736328125	1.4039998054504395
LCN2	Epithelial	1.4722235202789307	1.397415280342102
CEACAM5	Epithelial	1.4031286239624023	1.3838543891906738
TMEM45B	Epithelial	1.4118058681488037	1.3837320804595947
SI	Epithelial	1.3912464380264282	1.3796772956848145
KCNJ13	Epithelial	1.3857226371765137	1.3776905536651611
LGALS3	Epithelial	2.2845890522003174	1.377604603767395
DDC	Epithelial	1.3881869316101074	1.3775215148925781
EPS8L3	Epithelial	1.3736735582351685	1.361097812652588
MYO1A	Epithelial	1.3700274229049683	1.3560097217559814
CMBL	Epithelial	1.530777931213379	1.3539267778396606
C10ORF99	Epithelial	1.3623589277267456	1.3491365909576416
ARL14	Epithelial	1.3711397647857666	1.3402142524719238
DSG2	Epithelial	1.4005882740020752	1.333906888961792
RBP2	Epithelial	1.3517332077026367	1.3323923349380493
GPA33	Epithelial	1.350103735923767	1.3317033052444458
TST	Epithelial	1.4909100532531738	1.3255858421325684
ZG16	Epithelial	1.3532196283340454	1.318957805633545
PDZK1IP1	Epithelial	1.3399949073791504	1.3143281936645508
PRR15L	Epithelial	1.3150238990783691	1.3063697814941406
DSP	Epithelial	1.578977346420288	1.3039531707763672
SDCBP2	Epithelial	1.464691162109375	1.2932567596435547
TFF3	Epithelial	1.7707399129867554	1.2922554016113281
PKP3	Epithelial	1.303943157196045	1.2889213562011719
SLC10A2	Epithelial	1.2949973344802856	1.2881494760513306
ATP1B1	Epithelial	1.6419479846954346	1.2830719947814941
MAL2	Epithelial	1.2929314374923706	1.280703067779541
PLPP2	Epithelial	1.6453038454055786	1.2750130891799927
DPEP1	Epithelial	1.3557051420211792	1.2693443298339844
MPST	Epithelial	1.690504789352417	1.257672667503357
C2ORF82	Epithelial	1.2654834985733032	1.2482255697250366
CLRN3	Epithelial	1.2595405578613281	1.2478508949279785
TKFC	Epithelial	1.4359112977981567	1.2452383041381836
TCEA3	Epithelial	1.444506049156189	1.2368707656860352
FABP6	Epithelial	1.3042443990707397	1.2365988492965698
DMBT1	Epithelial	1.2679661512374878	1.2362390756607056
ST14	Epithelial	1.5258299112319946	1.2356982231140137
MEP1A	Epithelial	1.2453358173370361	1.2320998907089233
SPINT1	Epithelial	1.4518556594848633	1.2288239002227783
TMPRSS2	Epithelial	1.252384066581726	1.2246003150939941
MIR194-2HG	Epithelial	1.2535361051559448	1.2235326766967773
TM4SF5	Epithelial	1.2294727563858032	1.2179888486862183
AGPAT2	Epithelial	1.5613609552383423	1.2119832038879395
SLC5A1	Epithelial	1.2193244695663452	1.2086464166641235
CXADR	Epithelial	1.2895054817199707	1.2085776329040527
RP11-532F12.5	Epithelial	1.2744210958480835	1.207668423652649
FCGBP	Epithelial	1.249753713607788	1.2063891887664795
CISD3	Epithelial	1.5824437141418457	1.205855369567871
URAD	Epithelial	1.209779977798462	1.1982885599136353
MT1E	Epithelial	1.851043462753296	1.1936153173446655
HMGCS2	Epithelial	1.1983916759490967	1.1897211074829102
CDC42EP5	Epithelial	1.5834547281265259	1.1888737678527832
CBLC	Epithelial	1.1888160705566406	1.178340196609497
STARD10	Epithelial	1.3340413570404053	1.1742172241210938
C11ORF86	Epithelial	1.1726819276809692	1.1682798862457275
SLC26A3	Epithelial	1.1611212491989136	1.1530773639678955
PLA2G2A	Epithelial	1.3492364883422852	1.1505711078643799
LAD1	Epithelial	1.237849235534668	1.1465229988098145
CCL25	Epithelial	1.194399356842041	1.1384578943252563
SLC51B	Epithelial	1.3047693967819214	1.1327500343322754
C17ORF78	Epithelial	1.133365273475647	1.1266005039215088
GMDS	Epithelial	1.378362774848938	1.1241271495819092
GGT6	Epithelial	1.133194088935852	1.1188024282455444
GCNT3	Epithelial	1.1288506984710693	1.1154769659042358
CKMT1B	Epithelial	1.1200816631317139	1.1142112016677856
MS4A8	Epithelial	1.121777057647705	1.1136788129806519
FERMT1	Epithelial	1.1398032903671265	1.1096575260162354
CCL15	Epithelial	1.1274865865707397	1.1055814027786255
UGT2A3	Epithelial	1.1104247570037842	1.1046456098556519
CAMK2N1	Epithelial	1.4297535419464111	1.1002990007400513
GPRC5A	Epithelial	1.3560668230056763	1.0971934795379639
CKMT1A	Epithelial	1.0995646715164185	1.0952411890029907
SLC22A18	Epithelial	1.2973339557647705	1.0935544967651367
CDKN2B-AS1	Epithelial	1.1006377935409546	1.091225266456604
TMPRSS4	Epithelial	1.0961500406265259	1.0865527391433716
ETHE1	Epithelial	1.4708653688430786	1.0840431451797485
CHCHD10	Epithelial	1.7289496660232544	1.0831661224365234
MUC1	Epithelial	1.1362838745117188	1.080815315246582
FUT3	Epithelial	1.0857932567596436	1.074488639831543
CPO	Epithelial	1.0859929323196411	1.0709527730941772
IFT172	Epithelial	1.1832560300827026	1.0695655345916748
PTPRF	Epithelial	1.2486685514450073	1.0691180229187012
PCK2	Epithelial	1.157257080078125	1.0648542642593384
DEGS2	Epithelial	1.1281019449234009	1.064483642578125
GJB1	Epithelial	1.0712478160858154	1.0629373788833618
MUC17	Epithelial	1.071244716644287	1.0609526634216309
PXMP2	Epithelial	1.289097547531128	1.0594274997711182
PPP1R16A	Epithelial	1.4368371963500977	1.056341290473938
S100P	Epithelial	1.0781911611557007	1.0487534999847412
DGAT1	Epithelial	1.3571596145629883	1.0442193746566772
TMC4	Epithelial	1.1545432806015015	1.040265679359436
TM4SF20	Epithelial	1.0428311824798584	1.0382581949234009
NAPRT	Epithelial	1.5773183107376099	1.0377157926559448
PLEK2	Epithelial	1.071097731590271	1.033488392829895
ACADS	Epithelial	1.287259578704834	1.0328303575515747
CEACAM8	Epithelial	0.005953798070549965	0.0007508844137191772
RAMP2	Endothelial	6.186591148376465	5.991940975189209
PLVAP	Endothelial	6.030095100402832	5.936032295227051
CLDN5	Endothelial	5.615801811218262	5.548703193664551
AC011526.1	Endothelial	5.315486431121826	5.284107208251953
EGFL7	Endothelial	5.387790679931641	5.261908531188965
VWF	Endothelial	5.29659366607666	5.251251697540283
RAMP3	Endothelial	5.412380695343018	5.238659381866455
ELTD1	Endothelial	4.749184608459473	4.687148094177246
PECAM1	Endothelial	4.8333001136779785	4.5559210777282715
CLEC14A	Endothelial	4.88823127746582	4.36395263671875
JAM2	Endothelial	4.459900856018066	4.267614364624023
ADGRL4	Endothelial	4.229923248291016	4.183547496795654
ECSCR	Endothelial	4.1377482414245605	4.117053508758545
PCAT19	Endothelial	4.089140892028809	4.065375804901123
CYYR1	Endothelial	4.057977676391602	4.028961658477783
CD34	Endothelial	3.9449479579925537	3.865096092224121
FAM167B	Endothelial	3.939932346343994	3.8454906940460205
DARC	Endothelial	3.8013930320739746	3.7688119411468506
EMCN	Endothelial	3.9882917404174805	3.740311622619629
CDH5	Endothelial	3.7462689876556396	3.704334020614624
TM4SF18	Endothelial	3.515061616897583	3.5043835639953613
ESAM	Endothelial	4.390153408050537	3.409245014190674
PODXL	Endothelial	3.4780349731445312	3.380889654159546
HYAL2	Endothelial	3.7705469131469727	3.378793239593506
MMRN2	Endothelial	3.383303642272949	3.3613908290863037
CALCRL	Endothelial	3.509403705596924	3.3518028259277344
CD320	Endothelial	3.7343945503234863	3.3277478218078613
PTPRB	Endothelial	3.4381775856018066	3.31001615524292
FLT1	Endothelial	3.3739473819732666	3.2881224155426025
GNG11	Endothelial	5.010531425476074	3.2609951496124268
SLCO2A1	Endothelial	3.353287696838379	3.251305341720581
ENG	Endothelial	4.121818542480469	3.2333498001098633
APLNR	Endothelial	3.5552659034729004	3.1723804473876953
SNCG	Endothelial	3.2991719245910645	3.115245819091797
MYCT1	Endothelial	3.0858139991760254	3.064457893371582
NPDC1	Endothelial	3.686901807785034	3.0179734230041504
TSPAN7	Endothelial	3.4078779220581055	2.94205904006958
LDB2	Endothelial	3.3935413360595703	2.933952808380127
CXORF36	Endothelial	2.9496045112609863	2.9276537895202637
PALMD	Endothelial	2.996310234069824	2.8887205123901367
TMEM88	Endothelial	3.0546019077301025	2.887211799621582
ARHGAP29	Endothelial	3.7926065921783447	2.8554015159606934
ADGRF5	Endothelial	3.0554444789886475	2.8097002506256104
BCAM	Endothelial	3.6380908489227295	2.8004276752471924
ENPP2	Endothelial	3.183382511138916	2.785606622695923
KDR	Endothelial	2.7891552448272705	2.767799139022827
ACKR1	Endothelial	2.7121338844299316	2.6838018894195557
CD93	Endothelial	3.560354232788086	2.671764373779297
SOX18	Endothelial	2.7006349563598633	2.670696258544922
CAV1	Endothelial	4.156150817871094	2.6328094005584717
IL3RA	Endothelial	2.862849235534668	2.6287622451782227
HSPG2	Endothelial	4.0055742263793945	2.6166563034057617
CRIP2	Endothelial	4.778831481933594	2.605839729309082
KANK3	Endothelial	2.6745352745056152	2.5839085578918457
S1PR1	Endothelial	2.689378261566162	2.5833537578582764
NFIB	Endothelial	3.3011722564697266	2.572575569152832
SLC9A3R2	Endothelial	3.6865592002868652	2.55452299118042
RBP5	Endothelial	3.3070366382598877	2.5509419441223145
ERG	Endothelial	2.651590347290039	2.5288469791412354
TIE1	Endothelial	2.6063170433044434	2.4885332584381104
ROBO4	Endothelial	2.499326467514038	2.4679934978485107
TM4SF1	Endothelial	4.1576666831970215	2.4206695556640625
SDPR	Endothelial	3.8854751586914062	2.3998568058013916
RNASE1	Endothelial	3.3028156757354736	2.390122413635254
NOTCH4	Endothelial	2.684060573577881	2.366072177886963
LIFR	Endothelial	3.0264711380004883	2.332101345062256
FAM107A	Endothelial	2.6384150981903076	2.320301055908203
FABP5	Endothelial	3.2443714141845703	2.29902982711792
SOX17	Endothelial	2.320361852645874	2.2990057468414307
PCDH17	Endothelial	2.913599729537964	2.2577271461486816
FAM110D	Endothelial	2.2524642944335938	2.2432050704956055
HEG1	Endothelial	2.738158702850342	2.236497163772583
RBP7	Endothelial	2.6303653717041016	2.2262773513793945
MTUS1	Endothelial	2.758805513381958	2.2241392135620117
SPARCL1	Endothelial	4.680718421936035	2.1884775161743164
NOSTRIN	Endothelial	2.7457797527313232	2.1864044666290283
COL15A1	Endothelial	3.413264751434326	2.1842308044433594
SYNPO	Endothelial	2.48964786529541	2.170267343521118
TGFBR2	Endothelial	2.9902424812316895	2.1596031188964844
RASIP1	Endothelial	2.3710315227508545	2.159142255783081
PTRF	Endothelial	4.024141788482666	2.1488165855407715
ZNF385D	Endothelial	2.169461965560913	2.1452507972717285
TEK	Endothelial	2.1879262924194336	2.1439876556396484
EPAS1	Endothelial	3.2710437774658203	2.0979089736938477
MGP	Endothelial	4.20021390914917	2.0729498863220215
IL33	Endothelial	2.2101845741271973	2.062636613845825
AQP1	Endothelial	2.6572372913360596	2.0213842391967773
ADAM15	Endothelial	2.5428948402404785	1.9963436126708984
CAV2	Endothelial	3.054719924926758	1.9739222526550293
ADCY4	Endothelial	2.0305254459381104	1.9263488054275513
PKP4	Endothelial	2.2439162731170654	1.921148657798767
NUAK1	Endothelial	2.216679573059082	1.9079172611236572
LIMCH1	Endothelial	2.428359270095825	1.8998618125915527
NRP1	Endothelial	2.5540566444396973	1.8533679246902466
RAI14	Endothelial	2.449807643890381	1.8256374597549438
THBD	Endothelial	2.349012851715088	1.8126555681228638
IGFBP4	Endothelial	3.7962703704833984	1.7824561595916748
EHD4	Endothelial	2.1024675369262695	1.774630069732666
SELP	Endothelial	1.791947603225708	1.7732667922973633
HSPA12B	Endothelial	1.8650236129760742	1.7619891166687012
MADCAM1	Endothelial	1.802858829498291	1.761406421661377
SHE	Endothelial	1.8939673900604248	1.7610750198364258
TMEM255B	Endothelial	1.957404613494873	1.6755155324935913
ARHGEF15	Endothelial	1.6849861145019531	1.669182300567627
PRSS23	Endothelial	3.8727245330810547	1.6661698818206787
GPR116	Endothelial	2.55747389793396	1.665541648864746
MKL2	Endothelial	1.9348256587982178	1.6572484970092773
F2RL3	Endothelial	1.736938714981079	1.6514970064163208
ACVRL1	Endothelial	2.5349855422973633	1.6431349515914917
CCDC85B	Endothelial	2.3198702335357666	1.63273024559021
CLIC2	Endothelial	2.2784111499786377	1.6119403839111328
LIMS2	Endothelial	2.1903295516967773	1.6038169860839844
CFI	Endothelial	2.1738176345825195	1.5993924140930176
MEOX1	Endothelial	1.7328879833221436	1.5899697542190552
WWTR1	Endothelial	2.5612456798553467	1.579646348953247
IPO11	Endothelial	1.687760353088379	1.571881651878357
DOCK9	Endothelial	1.6990671157836914	1.5706613063812256
LMO2	Endothelial	2.211820125579834	1.5689066648483276
FGD5	Endothelial	1.7324233055114746	1.5264668464660645
GPRC5B	Endothelial	1.6308224201202393	1.5224478244781494
MCF2L	Endothelial	1.7412853240966797	1.5183322429656982
FZD4	Endothelial	1.714998722076416	1.510158896446228
APOLD1	Endothelial	1.737323522567749	1.509140968322754
TMEM204	Endothelial	2.1712448596954346	1.5043551921844482
LCN6	Endothelial	1.5231168270111084	1.4840680360794067
SLC14A1	Endothelial	1.5206009149551392	1.4781601428985596
ICAM2	Endothelial	1.9956130981445312	1.4718847274780273
RASA4	Endothelial	1.6403114795684814	1.4604209661483765
THSD7A	Endothelial	1.5753099918365479	1.4575611352920532
EVA1C	Endothelial	1.5890445709228516	1.4556875228881836
CLEC1A	Endothelial	1.5380693674087524	1.4482777118682861
PLCB1	Endothelial	1.588282585144043	1.4477300643920898
BCL6B	Endothelial	1.467416524887085	1.4431076049804688
RAPGEF3	Endothelial	1.4974591732025146	1.438759446144104
MPZL2	Endothelial	1.8765602111816406	1.4381295442581177
FKBP1A	Endothelial	2.5188300609588623	1.4325642585754395
SOX7	Endothelial	1.612351655960083	1.4203708171844482
FILIP1	Endothelial	1.7399070262908936	1.3956236839294434
ADAMTS9	Endothelial	1.7438397407531738	1.3872579336166382
SMAD1	Endothelial	1.6465734243392944	1.3816041946411133
DYSF	Endothelial	1.5075421333312988	1.3800749778747559
CRIM1	Endothelial	1.8647143840789795	1.3763644695281982
SPNS2	Endothelial	1.5053423643112183	1.3732725381851196
ELK3	Endothelial	1.7038360834121704	1.371610403060913
NOS3	Endothelial	1.3966038227081299	1.3713297843933105
GPR146	Endothelial	1.6455652713775635	1.3709291219711304
RAPGEF5	Endothelial	1.7820746898651123	1.3707877397537231
TJP1	Endothelial	2.000706195831299	1.3631088733673096
MAGI1	Endothelial	1.7664954662322998	1.3433902263641357
MCTP1	Endothelial	1.7609548568725586	1.3295207023620605
CD36	Endothelial	2.7071309089660645	1.3186497688293457
DLL4	Endothelial	1.4370940923690796	1.3176841735839844
LINC01235	Endothelial	1.3530138731002808	1.315976858139038
FZD6	Endothelial	1.4449689388275146	1.301290512084961
RHOJ	Endothelial	1.800626516342163	1.2956162691116333
PDE2A	Endothelial	1.3427822589874268	1.2904925346374512
TMTC1	Endothelial	1.6610560417175293	1.2687697410583496
SCARF1	Endothelial	1.5553805828094482	1.2654197216033936
EMP1	Endothelial	2.3212969303131104	1.2646489143371582
LEPR	Endothelial	1.4177147150039673	1.255555510520935
JAG2	Endothelial	1.3156473636627197	1.2542915344238281
PLXND1	Endothelial	1.7522251605987549	1.2490417957305908
GRB10	Endothelial	1.4005024433135986	1.2413514852523804
HHEX	Endothelial	1.6378012895584106	1.2336541414260864
RP11-536O18.1	Endothelial	1.2665269374847412	1.2198539972305298
LMCD1	Endothelial	2.341341495513916	1.2196288108825684
GALNT18	Endothelial	1.755117416381836	1.2167418003082275
TCF4	Endothelial	2.5967063903808594	1.2107126712799072
TNFSF10	Endothelial	2.0053277015686035	1.2097973823547363
RND1	Endothelial	1.4331774711608887	1.2032558917999268
VWA1	Endothelial	3.1199193000793457	1.2021849155426025
TNFAIP1	Endothelial	1.532930850982666	1.1964272260665894
BMPR2	Endothelial	1.819031000137329	1.1954532861709595
HYAL1	Endothelial	1.272777795791626	1.1888036727905273
ADM5	Endothelial	1.239839792251587	1.1878503561019897
GIMAP6	Endothelial	1.5734658241271973	1.1864625215530396
RP11-536O18.2	Endothelial	1.1960117816925049	1.1864532232284546
BAALC	Endothelial	1.4409949779510498	1.1838188171386719
EXOC3L2	Endothelial	1.1960800886154175	1.1824206113815308
NPR1	Endothelial	1.197340488433838	1.1823194026947021
CD79A	B_Plasma	1.535482406616211	1.4659984111785889
MZB1	B_Plasma	1.4918017387390137	1.3448213338851929
DERL3	B_Plasma	1.2817668914794922	1.217665195465088
IGJ	B_Plasma	1.935011386871338	1.2160193920135498
JCHAIN	B_Plasma	1.663978934288025	1.2058489322662354
TNFRSF17	B_Plasma	1.1738390922546387	1.1052651405334473
AL928768.3	B_Plasma	1.1106646060943604	1.065960168838501
IGKC	B_Plasma	1.8019300699234009	1.0528085231781006
AC096579.7	B_Plasma	1.0491619110107422	0.9347435235977173
IGHA1	B_Plasma	1.9432308673858643	0.9076467752456665
SSR4	B_Plasma	1.7659287452697754	0.9036552906036377
IGHA2	B_Plasma	1.2328217029571533	0.8608863353729248
SEC11C	B_Plasma	1.2257061004638672	0.8067587614059448
IGLC2	B_Plasma	1.177439570426941	0.8052088022232056
POU2AF1	B_Plasma	0.8325998783111572	0.7978916168212891
FCRL5	B_Plasma	0.8074178099632263	0.7788699865341187
FKBP11	B_Plasma	1.1709580421447754	0.7591232061386108
MS4A1	B_Plasma	0.7836107015609741	0.7494027018547058
IGLC3	B_Plasma	1.1024584770202637	0.742979884147644
XBP1	B_Plasma	1.3419902324676514	0.7327571511268616
GNG7	B_Plasma	0.8878862857818604	0.727796196937561
EAF2	B_Plasma	0.8856256008148193	0.6946239471435547
HERPUD1	B_Plasma	1.6121540069580078	0.6763241291046143
PPAPDC1B	B_Plasma	1.0259425640106201	0.6613172292709351
VPREB3	B_Plasma	0.6846903562545776	0.6413147449493408
TNFRSF13B	B_Plasma	0.6363526582717896	0.6028681397438049
RP11-290F5.1	B_Plasma	0.6242091059684753	0.591163158416748
SPAG4	B_Plasma	0.6409238576889038	0.5731198191642761
IGLV6-57	B_Plasma	0.6446044445037842	0.5708185434341431
CCR10	B_Plasma	0.6806377172470093	0.5683952569961548
UBE2J1	B_Plasma	1.0493816137313843	0.5663979649543762
PNOC	B_Plasma	0.6152408123016357	0.5640985369682312
IGLC7	B_Plasma	0.6897797584533691	0.5563206076622009
KIAA0125	B_Plasma	0.6468514204025269	0.5299695134162903
BANK1	B_Plasma	0.589043378829956	0.5251537561416626
JSRP1	B_Plasma	0.560745358467102	0.5245333909988403
IGHM	B_Plasma	0.9579819440841675	0.5219714045524597
IGLL5	B_Plasma	0.5856011509895325	0.5195866823196411
IGLV3-1	B_Plasma	0.6150763630867004	0.5193212032318115
CD79B	B_Plasma	0.7989576458930969	0.510279655456543
IGLC6	B_Plasma	0.5271791219711304	0.5085036754608154
IGLL1	B_Plasma	0.5277624130249023	0.5025546550750732
ENAM	B_Plasma	0.5155957937240601	0.47618040442466736
IGHG1	B_Plasma	0.7611041069030762	0.47046592831611633
WT1-AS	B_Plasma	0.5414184331893921	0.4662785530090332
RP5-887A10.1	B_Plasma	0.5001060962677002	0.4644468128681183
AC104699.1	B_Plasma	0.47015905380249023	0.4525114595890045
MANF	B_Plasma	0.9670027494430542	0.44892174005508423
SSR3	B_Plasma	1.0642163753509521	0.4464464783668518
IGHG3	B_Plasma	0.7628145217895508	0.4460914433002472
TCL1A	B_Plasma	0.4693053960800171	0.440900981426239
RAB30	B_Plasma	0.5723008513450623	0.43984049558639526
CRELD2	B_Plasma	0.8568888306617737	0.4337391257286072
AC104024.1	B_Plasma	0.45705631375312805	0.4336840510368347
CD19	B_Plasma	0.4654814898967743	0.432237446308136
FCRLA	B_Plasma	0.4574567675590515	0.4305707812309265
PDK1	B_Plasma	0.5268688797950745	0.4290914535522461
SDF2L1	B_Plasma	1.0148532390594482	0.42831701040267944
FAM46C	B_Plasma	0.8105053901672363	0.4250669479370117
FCRL2	B_Plasma	0.45981767773628235	0.4240189790725708
SPCS1	B_Plasma	1.2465966939926147	0.42218589782714844
IGHG2	B_Plasma	0.5981312990188599	0.42142802476882935
RP11-16E12.2	B_Plasma	0.4734613299369812	0.4164874255657196
IGHD	B_Plasma	0.4433434009552002	0.4155965745449066
MEI1	B_Plasma	0.6059176325798035	0.41546642780303955
DNAJB9	B_Plasma	0.9811410903930664	0.4054315686225891
DUSP5	B_Plasma	0.7061432600021362	0.40510398149490356
BLK	B_Plasma	0.44422221183776855	0.39395174384117126
GUSBP11	B_Plasma	0.4681144952774048	0.3896387815475464
TXNDC11	B_Plasma	0.6168557405471802	0.38423484563827515
FGF23	B_Plasma	0.43604427576065063	0.3821607828140259
ZBP1	B_Plasma	0.5095418691635132	0.3755289316177368
TNFRSF13C	B_Plasma	0.42221158742904663	0.3750191032886505
LY9	B_Plasma	0.5780805349349976	0.3719082474708557
ISG20	B_Plasma	1.1523032188415527	0.36910855770111084
C16ORF74	B_Plasma	0.5183616876602173	0.3670468330383301
SPCS3	B_Plasma	0.8884202241897583	0.3662201166152954
RP11-492E3.2	B_Plasma	0.391262948513031	0.3639955222606659
PIM2	B_Plasma	0.8073421120643616	0.35300981998443604
CD38	B_Plasma	0.6379929780960083	0.3523341417312622
AC006129.4	B_Plasma	0.4146166741847992	0.3462151288986206
PKHD1L1	B_Plasma	0.448682963848114	0.3449345529079437
IGKV4-1	B_Plasma	0.5262912511825562	0.33373406529426575
HSH2D	B_Plasma	0.49756401777267456	0.33290839195251465
SPCS2	B_Plasma	1.2838687896728516	0.32982683181762695
FAM92B	B_Plasma	0.3522123098373413	0.32967084646224976
SEL1L3	B_Plasma	0.6097891330718994	0.32774484157562256
CTA-250D10.23	B_Plasma	0.35402044653892517	0.3269638419151306
ABCB9	B_Plasma	0.40109434723854065	0.323987752199173
PRDX4	B_Plasma	1.0291483402252197	0.3221559524536133
CD27	B_Plasma	0.8815735578536987	0.3207923173904419
AMPD1	B_Plasma	0.3483051061630249	0.3207147717475891
E2F5	B_Plasma	0.3833121657371521	0.3174314498901367
FCER2	B_Plasma	0.40114134550094604	0.3173259496688843
C1ORF132	B_Plasma	0.4632576107978821	0.3136826157569885
HLA-DOB	B_Plasma	0.47559648752212524	0.3128298223018646
WNT10A	B_Plasma	0.34587305784225464	0.3073151707649231
LINC01480	B_Plasma	0.393972784280777	0.3062305152416229
LINC00582	B_Plasma	0.31520402431488037	0.30596739053726196
BRSK1	B_Plasma	0.43777716159820557	0.3042525351047516
PAIP2B	B_Plasma	0.4148339033126831	0.303311288356781
LMTK3	B_Plasma	0.342215895652771	0.30232375860214233
ANKRD37	B_Plasma	0.6198642253875732	0.2947350740432739
RP11-81H14.2	B_Plasma	0.3973694443702698	0.29409730434417725
RP11-693J15.5	B_Plasma	0.3367064297199249	0.29158729314804077
IGKV1-12	B_Plasma	0.327681303024292	0.2891819179058075
MANEA	B_Plasma	0.43754100799560547	0.2854826748371124
RP11-1070N10.3	B_Plasma	0.3039554953575134	0.2775367498397827
IGLC5	B_Plasma	0.28897854685783386	0.27654382586479187
PLPP5	B_Plasma	0.7215526103973389	0.2763634920120239
HIST1H2BG	B_Plasma	0.3658480644226074	0.26973333954811096
AC079767.4	B_Plasma	0.3649677634239197	0.26836133003234863
AC093818.1	B_Plasma	0.3972461521625519	0.26716741919517517
SLC17A9	B_Plasma	0.34506097435951233	0.2607819736003876
FKBP2	B_Plasma	1.1972764730453491	0.26000475883483887
GPR114	B_Plasma	0.3263225853443146	0.25557491183280945
AC026202.3	B_Plasma	0.29223525524139404	0.25064706802368164
DNAAF1	B_Plasma	0.3367544412612915	0.24927160143852234
IGLV2-14	B_Plasma	0.3344099223613739	0.24661122262477875
IGHG4	B_Plasma	0.5229812264442444	0.2440418303012848
COBLL1	B_Plasma	0.45754340291023254	0.2422381490468979
IGKV1-5	B_Plasma	0.35755330324172974	0.2421727329492569
CTC-265F19.2	B_Plasma	0.2699441611766815	0.24186621606349945
BHLHE41	B_Plasma	0.3361024260520935	0.24159634113311768
IGHV1-24	B_Plasma	0.2703438401222229	0.24048490822315216
B4GALT3	B_Plasma	0.500429093837738	0.24029523134231567
RP11-558F24.4	B_Plasma	0.3460823893547058	0.24012674391269684
LINC00926	B_Plasma	0.43178415298461914	0.23513886332511902
IGHGP	B_Plasma	0.4416344463825226	0.2316894233226776
AC078883.3	B_Plasma	0.26346027851104736	0.22680534422397614
HIST1H2BK	B_Plasma	0.4560072720050812	0.21971382200717926
C19ORF10	B_Plasma	1.1012892723083496	0.21932953596115112
PAX5	B_Plasma	0.2482631653547287	0.21444547176361084
OSTN-AS1	B_Plasma	0.2222813218832016	0.21310849487781525
CMB9-22P13.1	B_Plasma	0.3254740536212921	0.21135124564170837
IGLC4	B_Plasma	0.22955653071403503	0.2110380083322525
HIST1H2BJ	B_Plasma	0.27963295578956604	0.20854198932647705
AC074212.5	B_Plasma	0.2992435693740845	0.20823194086551666
SRPR	B_Plasma	0.5364747643470764	0.20808833837509155
CLECL1	B_Plasma	0.4680383801460266	0.2062222957611084
P2RX5	B_Plasma	0.3451434373855591	0.20394645631313324
LINC00309	B_Plasma	0.2512500584125519	0.2039022445678711
SEC61B	B_Plasma	1.2439697980880737	0.20357024669647217
FCRL1	B_Plasma	0.22013524174690247	0.20257316529750824
DUSP26	B_Plasma	0.21207448840141296	0.19954843819141388
MIXL1	B_Plasma	0.20881211757659912	0.19813406467437744
CR2	B_Plasma	0.21602626144886017	0.196365624666214
CHAC1	B_Plasma	0.2480972409248352	0.1951051950454712
SNX29P2	B_Plasma	0.36502212285995483	0.19498571753501892
SLAMF7	B_Plasma	0.6354961395263672	0.19237297773361206
BLNK	B_Plasma	0.5259586572647095	0.1920865774154663
SYVN1	B_Plasma	0.39523428678512573	0.19191540777683258
AC012146.7	B_Plasma	0.3800695538520813	0.19166569411754608
SRPRB	B_Plasma	0.5703954100608826	0.19085842370986938
IGLV2-8	B_Plasma	0.26177823543548584	0.19000795483589172
CPNE5	B_Plasma	0.4307968020439148	0.18906477093696594
IGLV1-40	B_Plasma	0.2864466607570648	0.18905703723430634
ERO1LB	B_Plasma	0.4399564266204834	0.18902716040611267
FAM129C	B_Plasma	0.2225404679775238	0.18850088119506836
KIAA0226	B_Plasma	0.3809301257133484	0.18640905618667603
HIST1H2BC	B_Plasma	0.30013495683670044	0.1862080842256546
BEX5	B_Plasma	0.3311956524848938	0.18547870218753815
EHMT1	B_Plasma	0.44566962122917175	0.1845589578151703
EIF2AK3	B_Plasma	0.318386435508728	0.18162943422794342
TMEM156	B_Plasma	0.41789400577545166	0.18123579025268555
CTA-292E10.6	B_Plasma	0.31717509031295776	0.18026721477508545
IFNG-AS1	B_Plasma	0.20268815755844116	0.1796162724494934
RP11-279O9.4	B_Plasma	0.23981139063835144	0.1794254034757614
IGLV2-23	B_Plasma	0.2581402659416199	0.17862075567245483
TOR3A	B_Plasma	0.48413005471229553	0.17823919653892517
BFSP2	B_Plasma	0.23125532269477844	0.17735402286052704
KCNK12	B_Plasma	0.22021254897117615	0.17680834233760834
IGLV2-11	B_Plasma	0.2663812041282654	0.1749427318572998
SERP1	B_Plasma	1.3009209632873535	0.17481064796447754
SPINK2	B_Plasma	0.3775143325328827	0.1741466373205185
KLF13	B_Plasma	0.5238120555877686	0.17216283082962036
NLRP7	B_Plasma	0.17359641194343567	0.16969819366931915
RALGPS2	B_Plasma	0.4812942147254944	0.168624609708786
TEX14	B_Plasma	0.2526106834411621	0.16684292256832123
AP001058.3	B_Plasma	0.18286310136318207	0.16647152602672577
